序號,縣市別代碼,工廠名稱,登記編號,廠址,產業類別,產品名稱
1,66000,大新餐盒食品工廠,99633047,臺中市大甲區義和里中山路１段４５８號,08食品製造業,089其他食品
2,66000,巧口樂實業股份有限公司,99633103,臺中市烏日區前竹里中山路一段二六五巷一號,08食品製造業,089其他食品
3,66000,永信藥品工業股份有限公司台中幼獅廠,99633162,臺中市大甲區日南里工九路27號、工七路9號,"20藥品及醫用化學製品製造業,08食品製造業,33其他製造業","089其他食品,200藥品及醫用化學製品,332醫療器材及用品"
4,66000,潭陽產業股份有限公司,99633182,臺中市潭子區潭陽里潭子街一段31巷86號,08食品製造業,086碾榖、磨粉及澱粉製品
5,66000,台中縣外埔鄉農會碾米工廠土城分廠,99633204,臺中市外埔區土城里土城路二一三號,08食品製造業,086碾榖、磨粉及澱粉製品
6,66000,台中縣外埔鄉農會碾米工廠中山分廠,99633205,臺中市外埔區中山里大馬路１９８號,08食品製造業,086碾榖、磨粉及澱粉製品
7,66000,隨興製冰冷凍股份有限公司,99633214,臺中市梧棲區草湳里自強路三三０號,08食品製造業,"082水產處理及其製品,089其他食品"
8,66000,井田生化科技股份有限公司,99633254,臺中市大甲區日南里工九路9號,"08食品製造業,20藥品及醫用化學製品製造業","200藥品及醫用化學製品,089其他食品"
9,66000,裕珍馨食品股份有限公司幼獅廠,99633256,臺中市大甲區日南里工十路六號,08食品製造業,089其他食品
10,66000,聯引餐盒廠,99633272,臺中市大安區中庄里興安路三五六號,08食品製造業,089其他食品
11,66000,狀元醬油股份有限公司,99633299,臺中市大肚區福山里沙田路一段388巷35之9號,08食品製造業,089其他食品
12,66000,優仕咖啡股份有限公司台中廠,99633317,臺中市霧峰區萬豐里中正路二六六之一號,08食品製造業,089其他食品
13,66000,丸文調理食品有限公司,99633367,臺中市大里區仁化里工業十一路一五六號,08食品製造業,089其他食品
14,66000,沙鹿製冰股份有限公司,99633379,臺中市沙鹿區洛泉里和平街一六號,08食品製造業,089其他食品
15,66000,家園食品股份有限公司,99633464,臺中市大里區仁化里仁美路９８號,08食品製造業,089其他食品
16,66000,佳祥餐盒食品廠,99633480,臺中市清水區南社里忠孝西路一０三號,08食品製造業,089其他食品
17,66000,飪珍記食品股份有限公司,99633537,臺中市太平區中興里永平路二段476巷16、26號,08食品製造業,089其他食品
18,66000,麒洲食品有限公司,99633585,臺中市大雅區上楓里前村路一０一號,08食品製造業,"089其他食品,081肉類處理及其製品"
19,66000,顏新發福珍企業股份有限公司大里廠,99633644,臺中市大里區瑞城里中興路一段二六巷二七號,08食品製造業,089其他食品
20,66000,佳信食品工業股份有限公司,99633680,臺中市梧棲區草湳里自立三街69號,08食品製造業,089其他食品
21,66000,昆林食品有限公司,99633694,臺中市太平區平安里鵬儀路211巷10號,08食品製造業,089其他食品
22,66000,松林食品工廠,99633724,臺中市龍井區忠和里中央路三段一九二號,08食品製造業,089其他食品
23,66000,日光食品工廠股份有限公司,99633759,臺中市大甲區岷山里中山路一段九一二、九一二之一號,08食品製造業,085乳品
24,66000,裕興發企業股份有限公司第二廠,99633762,臺中市清水區國姓里三美路七三之一號,08食品製造業,087動物飼料
25,66000,裕興發企業股份有限公司,99633765,臺中市清水區國姓里三美路六十二號,08食品製造業,"084食用油脂,089其他食品"
26,66000,中港興食品股份有限公司,99633796,臺中市太平區德隆里工業十七路9號,08食品製造業,089其他食品
27,66000,源永豐食品股份有限公司,99633798,臺中市大甲區日南里幼獅路七號,08食品製造業,086碾榖、磨粉及澱粉製品
28,66000,上弘便當工廠,99633823,臺中市大里區樹王里東興路三二０巷二號,08食品製造業,089其他食品
29,66000,華元食品股份有限公司,99633832,臺中市梧棲區草湳里自立二街392號,08食品製造業,089其他食品
30,66000,華元食品股份有限公司第二廠,99633833,臺中市梧棲區草湳里自立二街128號,08食品製造業,089其他食品
31,66000,台灣高蜜食品實業有限公司,99633858,臺中市神岡區岸裡里大富路６１巷２８號,08食品製造業,089其他食品
32,66000,台灣卜蜂企業股份有限公司台中廠,99633883,臺中市梧棲區草湳里自強路99號,08食品製造業,087動物飼料
33,66000,泰谷食品工廠,99633923,臺中市大里區內新里中興路二段三六四號,08食品製造業,089其他食品
34,66000,台甲東糧食加工廠有限公司,99633967,臺中市外埔區大東里大馬路298號,08食品製造業,086碾榖、磨粉及澱粉製品
35,66000,進方企業股份有限公司,99633980,臺中市梧棲區草湳里港埠路一段529號,08食品製造業,086碾榖、磨粉及澱粉製品
36,66000,德成製油加工廠,99633983,臺中市豐原區南嵩里水源路坪頂巷二四號,08食品製造業,084食用油脂
37,66000,正意食品股份有限公司,99634012,臺中市梧棲區永安里向上路九段322巷28號,08食品製造業,089其他食品
38,66000,味全食品工業股份有限公司台中總廠,99634038,臺中市霧峰區萬豐里中正路266號,"08食品製造業,09飲料製造業","085乳品,089其他食品,092非酒精飲料"
39,66000,三福碾米工廠,99634060,臺中市大安區永安里東西三路二六六號,08食品製造業,086碾榖、磨粉及澱粉製品
40,66000,大友食品實業有限公司,99634074,臺中市太平區中興里永平路二段四七六巷六六弄一九號,08食品製造業,089其他食品
41,66000,台灣味群工業股份有限公司,99634080,臺中市大甲區日南里工七路六號,08食品製造業,086碾榖、磨粉及澱粉製品
42,66000,德昌食品股份有限公司,99634121,臺中市大里區仁化里仁化路756號,"08食品製造業,09飲料製造業","081肉類處理及其製品,083蔬果處理及其製品,089其他食品,092非酒精飲料"
43,66000,東和食品廠,99634126,臺中市太平區宜欣里富宜路８３號,08食品製造業,089其他食品
44,66000,昌暉食品有限公司大雅廠,99634134,臺中市大雅區上楓里民生路三段136巷12號,08食品製造業,081肉類處理及其製品
45,66000,中美嘉吉股份有限公司台中飼料廠,99634163,臺中市大肚區頂街里沙田路三段245巷60號,08食品製造業,087動物飼料
46,66000,豐榮食品工廠有限公司,99634234,臺中市豐原區北湳里大順街八巷一五三號,08食品製造業,089其他食品
47,66000,助元健康食品工業有限公司,99634337,臺中市霧峰區本鄉里草湖路１３５巷１弄４６號,08食品製造業,089其他食品
48,66000,鑫永食品工業股份有限公司,99634398,臺中市太平區太平里永平路３段１３２巷８７號,08食品製造業,081肉類處理及其製品
49,66000,台灣信誼化學食品股份有限公司,99634455,臺中市神岡區豐洲里大明路二巷七號,"08食品製造業,09飲料製造業","089其他食品,092非酒精飲料"
50,66000,得力興生技藥業股份有限公司,99634462,臺中市豐原區三村里三和路４０２號,"08食品製造業,18化學材料製造業,19化學製品製造業,20藥品及醫用化學製品製造業","089其他食品,183肥料,191農藥及環境用藥,193清潔用品,194化粧品,199其他化學製品,200藥品及醫用化學製品"
51,66000,成偉食品股份有限公司二廠,99634485,臺中市梧棲區草湳里自強一街146號,08食品製造業,089其他食品
52,66000,成偉食品股份有限公司,99634486,臺中市梧棲區草湳里自立一街178號,08食品製造業,089其他食品
53,66000,成偉食品股份有限公司三廠,99634489,臺中市沙鹿區興安里興安路５１號,"08食品製造業,09飲料製造業","081肉類處理及其製品,082水產處理及其製品,083蔬果處理及其製品,089其他食品"
54,66000,東陽穀物股份有限公司,99634603,臺中市烏日區榮泉里中山路三段720號,08食品製造業,086碾榖、磨粉及澱粉製品
55,66000,金星餐盒食品有限公司,99634606,臺中市豐原區東陽里東陽路８３號,08食品製造業,089其他食品
56,66000,建利食品股份有限公司,99634725,臺中市烏日區溪埧里溪南路１段１９７巷９６號,08食品製造業,089其他食品
57,66000,味榮食品工業股份有限公司,99634791,臺中市豐原區三村里西勢路七○一號,08食品製造業,089其他食品
58,66000,龍甲寶股份有限公司,99634979,臺中市烏日區學田里學田路論子巷十四號,08食品製造業,089其他食品
59,66000,穗德碾米工廠,99635079,臺中市外埔區土城里土城中路3號,08食品製造業,086碾榖、磨粉及澱粉製品
60,66000,國苗香食品有限公司,99635102,臺中市豐原區社皮里三角路一八七號,08食品製造業,089其他食品
61,66000,鮮味食品廠,99635120,臺中市霧峰區南柳里新厝路二六一巷一０弄八之一號,08食品製造業,089其他食品
62,66000,宏廣製麵廠有限公司,99635121,臺中市霧峰區南柳里新厝路261巷10弄8號,08食品製造業,089其他食品
63,66000,帝元食品有限公司,99635130,臺中市神岡區庄後里中車路13之2號,08食品製造業,"083蔬果處理及其製品,089其他食品"
64,66000,壯源生技食品股份有限公司,99635132,臺中市霧峰區北勢里丁臺路五七二號,08食品製造業,089其他食品
65,66000,樂可多有限公司,99635169,臺中市豐原區東陽里東陽路福德巷二六弄二三號,08食品製造業,087動物飼料
66,66000,正峰冷凍製冰有限公司,99635191,臺中市豐原區南村里圓環東路八一０巷三號,08食品製造業,089其他食品
67,66000,醇芳實業有限公司,99635198,臺中市梧棲區草湳里自立路48號,08食品製造業,084食用油脂
68,66000,台灣優杏生物科技股份有限公司,99635334,臺中市太平區建國里鵬儀路三二０巷三弄一號,08食品製造業,089其他食品
69,66000,通順產業股份有限公司,99635340,臺中市梧樓鎮草湳里自立路１０６號,08食品製造業,"084食用油脂,086碾榖、磨粉及澱粉製品"
70,66000,源豐碾米工廠大安分工廠,99635341,臺中市大安區松雅里大安港路５２６號,08食品製造業,086碾榖、磨粉及澱粉製品
71,66000,巧合企業股份有限公司,99635342,臺中市龍井區忠和里工業路一九０號,08食品製造業,086碾榖、磨粉及澱粉製品
72,66000,光陽興業股份有限公司,99635359,臺中市潭子區大豐里潭富路二段189號,08食品製造業,087動物飼料
73,66000,源豐碾米工廠,99635405,臺中市龍井區三德里中央路二段二三三號,08食品製造業,089其他食品
74,66000,源味香食品廠有限公司,99635406,臺中市豐原區南村里向陽路一一九號三樓,08食品製造業,089其他食品
75,66000,合慶農產加工廠,99635421,臺中市沙鹿區洛泉里鎮政路四八號,08食品製造業,086碾榖、磨粉及澱粉製品
76,66000,東正生物科技股份有限公司,99635479,臺中市太平區建國里鵬儀路４６１巷２８號,08食品製造業,089其他食品
77,66000,吉農企業有限公司,99635554,臺中市神岡區新庄里溪頭路一六二號,08食品製造業,"083蔬果處理及其製品,089其他食品"
78,66000,王記食品廠,99635670,臺中市神岡區三角里大富路九八巷一九號,08食品製造業,"089其他食品,081肉類處理及其製品"
79,66000,金佳鋒生物科技股份有限公司,99635738,臺中市霧峰區南柳里新厝路２６１巷１０弄２２號,08食品製造業,089其他食品
80,66000,惠德台塑食品有限公司,99635778,臺中市太平區新光里新光路六八之八號,08食品製造業,089其他食品
81,66000,恒昌珍企業有限公司,99635783,臺中市沙鹿區斗抵里斗潭路三四號,08食品製造業,089其他食品
82,66000,信裕碾米廠,99635848,臺中市梧棲區永寧里永興路一段五四六巷二七之一號,08食品製造業,086碾榖、磨粉及澱粉製品
83,66000,椰旺實業股份有限公司清水廠,99635973,臺中市清水區下湳里中山路４００之８號,08食品製造業,083蔬果處理及其製品
84,66000,洪元記食品廠股份有限公司,99635986,臺中市梧棲區中和里民權街關前巷一五號,08食品製造業,089其他食品
85,66000,福懋油脂股份有限公司麥片廠,99636022,臺中市大肚區福山里沙田路一段393號,08食品製造業,086碾榖、磨粉及澱粉製品
86,66000,福懋油脂股份有限公司麵粉廠,99636023,臺中市大肚區福山里沙田路一段405號,08食品製造業,086碾榖、磨粉及澱粉製品
87,66000,福懋油脂股份有限公司油脂廠,99636024,臺中市大肚區福山里沙田路一段453之1號,08食品製造業,"084食用油脂,086碾榖、磨粉及澱粉製品"
88,66000,福懋油脂股份有限公司,99636025,臺中市大肚區福山里沙田路一段453號,08食品製造業,087動物飼料
89,66000,世華生物科技股份有限公司,99636143,臺中市大里區西湖里西湖路一九一號,08食品製造業,089其他食品
90,66000,紀氏源豐企業股份有限公司台中廠,99636185,臺中市龍井區忠和里工業路二一六巷四三弄八號,08食品製造業,086碾榖、磨粉及澱粉製品
91,66000,薔薇食品有限公司,99636192,臺中市豐原區南嵩里水源路九五之一號,08食品製造業,089其他食品
92,66000,台耕產業工廠有限公司,99636262,臺中市沙鹿區興安里興安路八０巷五號,08食品製造業,"084食用油脂,089其他食品"
93,66000,力仁食品廠,99636373,臺中市龍井區龍崗里竹師路二段一一二巷三號一樓,08食品製造業,"084食用油脂,089其他食品"
94,66000,蔚昌實業有限公司,99636457,臺中市霧峰區吉峰里吉峰路67巷8號1樓,08食品製造業,089其他食品
95,66000,承昌食品股份有限公司,99636466,臺中市霧峰區六股里中正路３４７之１號,08食品製造業,089其他食品
96,66000,健得祐生物科技有限公司,99636482,臺中市霧峰區萬豐里中正路２６３號,08食品製造業,089其他食品
97,66000,新振發食品有限公司,99636625,臺中市豐原區圳寮里豐洲路四０之五號一樓,08食品製造業,089其他食品
98,66000,金安記食品廠有限公司,99636889,臺中市龍井區龍崗里竹師路二段一一二巷三九號,08食品製造業,089其他食品
99,66000,和興冷凍有限公司,99636972,臺中市后里區墩北里月湖路四八巷六號,08食品製造業,089其他食品
100,66000,宜農食品廠,99637225,臺中市神岡區社南里中山路八五一巷三五弄十三號,08食品製造業,089其他食品
101,66000,餐御宴食品有限公司,99637265,臺中市大甲區日南里幼獅路一號,08食品製造業,089其他食品
102,66000,光益農化工廠有限公司,99637286,臺中市潭子區栗林里中山路３段４９３巷４２弄１７號,08食品製造業,"086碾榖、磨粉及澱粉製品,089其他食品"
103,66000,成吉碾米工廠,99637531,臺中市潭子區栗林里豐栗路23號,08食品製造業,086碾榖、磨粉及澱粉製品
104,66000,谷興實業股份有限公司,99637594,臺中市沙鹿區福興里東晉路１３３號,08食品製造業,"084食用油脂,089其他食品"
105,66000,佳蜂養蜂園有限公司,99637778,臺中市霧峰區甲寅里德維街8巷41號1樓,08食品製造業,"083蔬果處理及其製品,089其他食品"
106,66000,台灣糖業股份有限公司月眉廠,99637792,臺中市后里區眉山里甲后路864號雲頭路50號,08食品製造業,089其他食品
107,66000,名典實業有限公司一廠,99637836,臺中市豐原區田心里大光街一０號,08食品製造業,089其他食品
108,66000,廣健興業有限公司,99637867,臺中市太平區建國里鵬儀路２９６巷１６弄４號,08食品製造業,089其他食品
109,66000,今口香調理食品股份有限公司二廠,99637898,臺中市太平區建國里鵬儀路296巷6弄45號,08食品製造業,089其他食品
110,66000,興達碾米廠,99637944,臺中市外埔區土城里土城中路二十二號,08食品製造業,086碾榖、磨粉及澱粉製品
111,66000,福台實業股份有限公司,99638004,臺中市清水區武鹿里海濱路二四四號,"08食品製造業,11紡織業","086碾榖、磨粉及澱粉製品,111紡紗"
112,66000,玉美研究股份有限公司烏日廠,99638046,臺中市烏日區榮泉里南榮路53號、大肚區中和里南榮路59號,08食品製造業,089其他食品
113,66000,泰順國際有限公司工廠,99638129,臺中市太平區太平里永豐路一三一巷一六號,08食品製造業,089其他食品
114,66000,睿宸實業有限公司,99638143,臺中市神岡區岸裡里大富路139號,08食品製造業,089其他食品
115,66000,佳美食品工業股份有限公司,99638156,臺中市大里區大元里大衛路56號,"08食品製造業,09飲料製造業","089其他食品,092非酒精飲料"
116,66000,新坪食品企業有限公司,99638218,臺中市太平區新坪里新平路３段７７、７９號,08食品製造業,089其他食品
117,66000,國興麵粉廠股份有限公司,99638427,臺中市大肚區福山里沙田路一段三七三號,08食品製造業,086碾榖、磨粉及澱粉製品
118,66000,宏興麵粉廠股份有限公司,99638471,臺中市大肚區福山里沙田路１段３６９號,08食品製造業,086碾榖、磨粉及澱粉製品
119,66000,麥可利食品有限公司,99638511,臺中市神岡區社口里社口街10巷10號,08食品製造業,089其他食品
120,66000,東菱藥品工業有限公司,99638590,臺中市潭子區栗林里中山路三段202巷7號,08食品製造業,089其他食品
121,66000,萬泰冷凍股份有限公司,99638635,臺中市石岡區石岡里豐勢路一三一九號,08食品製造業,083蔬果處理及其製品
122,66000,元信食品實業社,99638636,臺中市龍井區忠和里高園路１２５號,08食品製造業,089其他食品
123,66000,泰和製粉廠股份有限公司,99638674,臺中市大肚區頂街里紙廠路60號,08食品製造業,086碾榖、磨粉及澱粉製品
124,66000,全豐冷凍股份有限公司,99638685,臺中市石岡區石岡里豐勢路一三二三號,08食品製造業,083蔬果處理及其製品
125,66000,味丹企業股份有限公司沙鹿第二工廠,99638754,臺中市沙鹿區斗抵里興安路六五號,"08食品製造業,09飲料製造業","089其他食品,092非酒精飲料"
126,66000,味丹企業股份有限公司沙鹿第一工廠,99638779,臺中市沙鹿區斗抵里興安路63號,08食品製造業,089其他食品
127,66000,三風食品工業股份有限公司大雅廠,99638788,臺中市大雅區上楓里民富街一一四號,08食品製造業,089其他食品
128,66000,東亞食品廠,99638806,臺中市潭子區栗林里中山路三段202巷7號,08食品製造業,089其他食品
129,66000,榮興農產食品廠,99638889,臺中市大里區樹王里樹王路５０之１６號,08食品製造業,083蔬果處理及其製品
130,66000,中聯油脂股份有限公司台中港廠,99638945,臺中市清水區海濱里北堤路1之8號,08食品製造業,084食用油脂
131,66000,台灣伊莎貝爾食品股份有限公司台中總廠,99638947,臺中市大雅區四德里中清路三段735號,08食品製造業,"089其他食品,085乳品"
132,66000,松豐實業股份有限公司,99638957,臺中市清水區菁埔里菁埔路370號,08食品製造業,"083蔬果處理及其製品,086碾榖、磨粉及澱粉製品"
133,66000,正佳珍食品股份有限公司,99639115,臺中市龍井區龍泉里沙田路5段30巷50之2弄12號,08食品製造業,089其他食品
134,66000,大甲牧場股份有限公司,99639191,臺中市大甲區中山里東陽新村一五三號,08食品製造業,"089其他食品,085乳品"
135,66000,福壽實業股份有限公司台中港廠,99639216,臺中市梧棲區草湳里自強路98號,08食品製造業,"083蔬果處理及其製品,084食用油脂,086碾榖、磨粉及澱粉製品,089其他食品"
136,66000,福壽實業股份有限公司柴魚花加工廠,99639222,臺中市梧棲區草湳里自強路100號,08食品製造業,082水產處理及其製品
137,66000,美商恆旭實業股份有限公司台灣分公司,99639225,臺中市大甲區日南里工二路10號,08食品製造業,089其他食品
138,66000,正旺碾米工廠有限公司,99639304,臺中市外埔區大東里大馬路二九六號,08食品製造業,086碾榖、磨粉及澱粉製品
139,66000,妙果食品股份有限公司,99639308,臺中市大里區大元里國中一路３１號,08食品製造業,086碾榖、磨粉及澱粉製品
140,66000,酪多精生物科技股份有限公司,99639451,臺中市大里區大元里國中一路25巷2號1、2樓,"19化學製品製造業,08食品製造業","087動物飼料,194化粧品"
141,66000,歌美時企業股份有限公司,99639525,臺中市烏日區三和里中山路三段104號,08食品製造業,087動物飼料
142,66000,福壽實業股份有限公司總廠,99639535,臺中市沙鹿區興安里沙田路45號,08食品製造業,087動物飼料
143,66000,宏記冷凍食品股份有限公司,99639555,臺中市外埔區水美里水美路仁美巷29、31號,08食品製造業,089其他食品
144,66000,佑祥食品廠,99639583,臺中市太平區中興里永義二街八號,08食品製造業,083蔬果處理及其製品
145,66000,芳泉醬油工廠,99639670,臺中市豐原區豐圳里豐社路芳泉巷一號,08食品製造業,089其他食品
146,66000,聖芳生化科技食品工廠,99639705,臺中市大雅區上楓里昌平路四段273號,08食品製造業,089其他食品
147,66000,永雄天然植物食品廠,99639734,臺中市大里區西湖里西湖路一八七巷一號,08食品製造業,089其他食品
148,66000,全美食品廠,99639809,臺中市豐原區田心里豐南街一二號,08食品製造業,089其他食品
149,66000,四海通食品有限公司,99639834,臺中市太平區中興里永平路２段３３７號,08食品製造業,089其他食品
150,66000,總億食品工業股份有限公司大里廠,99639922,臺中市大里區金城里仁禮街四五號,08食品製造業,089其他食品
151,66000,寶元麵包工廠,99640011,臺中市豐原區西安里中正路三八三號,08食品製造業,089其他食品
152,66000,大統食品廠,99640100,臺中市大里區金城里塗城路八五二巷十六之六號,08食品製造業,081肉類處理及其製品
153,66000,卡是香有限公司,99640205,臺中市大里鄉仁化村仁化路七七五號,08食品製造業,084食用油脂
154,66000,中台太陽堂食品企業有限公司太平廠,99640254,臺中市太平區德隆里光興路一一五號,08食品製造業,089其他食品
155,66000,民光米廠,99640396,臺中市大雅區員林里中清路三段一九六號,08食品製造業,089其他食品
156,66000,峰光製麵工廠,99640409,臺中市沙鹿區興安里興安路80巷2號之1,08食品製造業,089其他食品
157,66000,金裕豐碾米工廠,99640425,臺中市大甲區庄美里經國路三六五號,08食品製造業,086碾榖、磨粉及澱粉製品
158,66000,萬味軒食品工業股份有限公司,99640434,臺中市清水區北寧里中山路338號,08食品製造業,081肉類處理及其製品
159,66000,永興成米廠,99640499,臺中市沙鹿區居仁里中山路三九三號,08食品製造業,086碾榖、磨粉及澱粉製品
160,66000,德發餅行,99640605,臺中市豐原區陽明里南陽路五三一號一樓,08食品製造業,089其他食品
161,66000,大榮生物科技股份有限公司,99640608,臺中市太平區建國里鵬儀路二九六巷一六弄一０號,08食品製造業,089其他食品
162,66000,金明利碾米廠,99640639,臺中市龍井區龍津里中央路一段九七號,08食品製造業,086碾榖、磨粉及澱粉製品
163,66000,洽發企業股份有限公司,99640647,臺中市清水區南寧里中清路八段715號,08食品製造業,"086碾榖、磨粉及澱粉製品,089其他食品"
164,66000,忠瑩股份有限公司第一工廠,99640654,臺中市龍井區忠和里臨港路二段五０號,08食品製造業,089其他食品
165,66000,信香珍食品廠有限公司,99640774,臺中市太平區坪林里坪林路二號,08食品製造業,089其他食品
166,66000,廣原實業股份有限公司王田廠,99640923,臺中市大肚區王田里興中路63號,08食品製造業,087動物飼料
167,66000,忠益食品工業股份有限公司,99641073,臺中市大雅區上楓里民富街一０六號,08食品製造業,089其他食品
168,66000,社口張犁記本店實業股份有限公司,99641232,臺中市神岡區社口里中山路520-522號,08食品製造業,089其他食品
169,66000,三豐農產行有限公司,99641274,臺中市清水區下湳里三田路1號,08食品製造業,"083蔬果處理及其製品,089其他食品"
170,66000,正點產業股份有限公司,99641358,臺中市太平區建國里鵬儀路366巷1弄1號,08食品製造業,081肉類處理及其製品
171,66000,點鑫產業股份有限公司,99641359,臺中市太平區建國里鵬儀路三六六巷一弄一號二樓,08食品製造業,"081肉類處理及其製品,082水產處理及其製品"
172,66000,明芳餅舖,99641393,臺中市太平區宜昌里中山路三段53巷30弄35號,08食品製造業,089其他食品
173,66000,滿倉農產加工廠有限公司,99641428,臺中市烏日區仁德里光德路361號,08食品製造業,089其他食品
174,66000,三奇醬園,99641679,臺中市大里區夏田里國中路四八三巷五號,08食品製造業,083蔬果處理及其製品
175,66000,全發碾米工廠,99641742,臺中市大雅區員林里神林路１段５４０巷７５號,08食品製造業,086碾榖、磨粉及澱粉製品
176,66000,天水雅集有限公司大里廠,99641789,臺中市大里區瑞城里中興路一段二六巷二三號,08食品製造業,089其他食品
177,66000,衛康食品股份有限公司,99641798,臺中市大里區大元里中興路二段七一巷五號,08食品製造業,081肉類處理及其製品
178,66000,味源醬園,99641802,臺中市大里區夏田里國中路483巷3號,08食品製造業,083蔬果處理及其製品
179,66000,山鄉股份有限公司梧棲廠,99641819,臺中市梧棲區南簡里中央路二段342-1號,08食品製造業,089其他食品
180,66000,寶泉食品股份有限公司潭子廠,99641845,臺中市潭子區甘蔗里勝利九街一一號,08食品製造業,089其他食品
181,66000,臺中市大安區農會碾米工廠,99641877,臺中市大安區中庄里中松路91、93號,08食品製造業,086碾榖、磨粉及澱粉製品
182,66000,五三食品廠,99641917,臺中市太平區坪林里大興路二００巷五號,08食品製造業,089其他食品
183,66000,協豐碾米工廠,99641925,臺中市大甲區德化里農安路200號,08食品製造業,086碾榖、磨粉及澱粉製品
184,66000,莉豐米廠,99641927,臺中市豐原區北陽里南陽路242、244號,08食品製造業,086碾榖、磨粉及澱粉製品
185,66000,上味食品行,99641988,臺中市大里區東興里東榮路六八二號,08食品製造業,089其他食品
186,66000,裕興實業股份有限公司,99641993,臺中市清水區國姓里三美路七三號,08食品製造業,086碾榖、磨粉及澱粉製品
187,66000,亞洲農藝有限公司,99642006,臺中市太平區中興里中興路三八號,"08食品製造業,18化學材料製造業","087動物飼料,183肥料"
188,66000,再興號,99642076,臺中市清水區?榔里中央路二三號,08食品製造業,086碾榖、磨粉及澱粉製品
189,66000,美順碾米工廠,99642163,臺中市霧峰區五福里五福路一九七號,08食品製造業,086碾榖、磨粉及澱粉製品
190,66000,村豐實業股份有限公司,99642182,臺中市東勢區新盛里東關街六一八之一號,08食品製造業,"083蔬果處理及其製品,089其他食品"
191,66000,臺中市大甲區農會頂店工廠,99642186,臺中市大甲區頂店里中山路一段1372號,08食品製造業,"086碾榖、磨粉及澱粉製品,089其他食品"
192,66000,先得利實業股份有限公司,99642236,臺中市龍井區忠和里臨港路二段60號,"08食品製造業,18化學材料製造業","087動物飼料,183肥料"
193,66000,中和食品工廠,99642248,臺中市后里區中和里犁份路一四號,08食品製造業,089其他食品
194,66000,翁德豐碾米工廠,99642290,臺中市沙鹿區興仁里沙田路１２５號,08食品製造業,086碾榖、磨粉及澱粉製品
195,66000,味佳香食品廠有限公司,99642391,臺中市大里區西湖里西湖路281巷27、29號,08食品製造業,"089其他食品,083蔬果處理及其製品"
196,66000,劉義豐碾米廠,99642413,臺中市大甲區太白里通天路１１５號,08食品製造業,086碾榖、磨粉及澱粉製品
197,66000,貝佳實業有限公司,99642530,臺中市太平區中興里永平路二段100號,08食品製造業,089其他食品
198,66000,萬鎰碾米工廠,99642536,臺中市烏日區烏日里中山路二段295號,08食品製造業,086碾榖、磨粉及澱粉製品
199,66000,大宗餐盒食品工廠,99642537,臺中市后里區泰安里福興路１２４之２號,08食品製造業,089其他食品
200,66000,九如碾米工廠,99642604,臺中市沙鹿區福興里鎮南路二段一七一號,08食品製造業,086碾榖、磨粉及澱粉製品
201,66000,金發製米工廠,99642622,臺中市后里區舊社里三重路五之三號,08食品製造業,086碾榖、磨粉及澱粉製品
202,66000,三泰實業工廠,99642650,臺中市大甲區頂店里開元路七五號,08食品製造業,086碾榖、磨粉及澱粉製品
203,66000,侑芳企業股份有限公司,99642676,臺中市大甲區日南里工七路一二號,08食品製造業,089其他食品
204,66000,臺中市大安區農會碾米工廠海墘分工廠,99642747,臺中市大安區海墘里大安港路1151號,08食品製造業,086碾榖、磨粉及澱粉製品
205,66000,太平碾米工廠,99642812,臺中市太平區東平里東平路一五三號,08食品製造業,086碾榖、磨粉及澱粉製品
206,66000,臺中市烏日區農會溪埧碾米廠,99642825,臺中市烏日區溪埧里溪南路一段712號,08食品製造業,086碾榖、磨粉及澱粉製品
207,66000,長興食品化工原料股份有限公司,99642880,臺中市神岡區社南里中山路六六七巷三七弄五號,08食品製造業,089其他食品
208,66000,雪花齋餅行,99642896,臺中市豐原區頂街里中正路一九八號,08食品製造業,089其他食品
209,66000,古味堂製?廠有限公司太平廠,99642926,臺中市太平區光華里大興二一街六五號,08食品製造業,089其他食品
210,66000,王哥食品有限公司,99642939,臺中市太平區東平里中和街二五０號,08食品製造業,089其他食品
211,66000,新建成米工廠,99642946,臺中市大甲區頂店里彈正路五五號,08食品製造業,086碾榖、磨粉及澱粉製品
212,66000,港橋食品廠有限公司,99643018,臺中市神岡區岸裡里大豐路五段455巷1號,08食品製造業,089其他食品
213,66000,中翔製冰廠,99643069,臺中市大里區大元里國中路252號,08食品製造業,089其他食品
214,66000,輝南有限公司神岡廠,99643080,臺中市神岡區豐洲里東洲路一六九之三號,08食品製造業,089其他食品
215,66000,恒昌碾米工廠,99643251,臺中市沙鹿區福興里鎮南路二段一五一號,08食品製造業,086碾榖、磨粉及澱粉製品
216,66000,東昇碾米工廠,99643310,臺中市東勢區慶東里東關路二四四號,08食品製造業,086碾榖、磨粉及澱粉製品
217,66000,慧顯食品工廠,99643316,臺中市太平區中興里永義一二街三號,08食品製造業,089其他食品
218,66000,日清食品工廠,99643337,臺中市大甲區文武里育英路一七六巷一三號,08食品製造業,089其他食品
219,66000,穗億食品加工有限公司,99643480,臺中市神岡區岸裡里大豐路五段455巷17號,08食品製造業,089其他食品
220,66000,順裕實業廠股份有限公司,99643505,臺中市新社區中正里中和街五段七二號,08食品製造業,083蔬果處理及其製品
221,66000,巫泰豐碾米工廠,99643546,臺中市東勢區茂興里東蘭路194號,08食品製造業,086碾榖、磨粉及澱粉製品
222,66000,寶島米行,99643616,臺中市外埔區大東里大馬路四０八號,08食品製造業,086碾榖、磨粉及澱粉製品
223,66000,蒂興企業廠,99643658,臺中市外埔區六分里月眉西路500巷1號,"08食品製造業,18化學材料製造業","087動物飼料,183肥料"
224,66000,大芳行食品廠,99643671,臺中市豐原區翁子里豐勢路一段五八五巷一二號,08食品製造業,089其他食品
225,66000,施協發碾米工廠,99643672,臺中市東勢區北興里本街三五一號,08食品製造業,"086碾榖、磨粉及澱粉製品,089其他食品"
226,66000,小林煎餅股份有限公司,99643739,臺中市外埔區鐵山里長生路八一四號,08食品製造業,089其他食品
227,66000,吉利碾米工廠,99643766,臺中市沙鹿區鹿峰里星河路397號,08食品製造業,086碾榖、磨粉及澱粉製品
228,66000,唯新食品股份有限公司,99643777,臺中市清水區下湳里高美路六六號,08食品製造業,"081肉類處理及其製品,083蔬果處理及其製品,089其他食品"
229,66000,一生家食品行,99643834,臺中市豐原區北湳里大順街八巷七三號,08食品製造業,089其他食品
230,66000,源益製油加工廠,99643856,臺中市石岡區和盛里豐勢路四八號,08食品製造業,084食用油脂
231,66000,全國棧餐盒食品廠,99643877,臺中市沙鹿區斗抵里斗潭路三六號,08食品製造業,089其他食品
232,66000,昱信物產企業有限公司,99643878,臺中市豐原區朴子里朴子街一五一號,08食品製造業,089其他食品
233,66000,外埔農會酪農鮮乳加工廠,99643888,臺中市外埔區永豐里六分路五二號,"09飲料製造業,08食品製造業","085乳品,092非酒精飲料"
234,66000,義華食品有限公司,99643916,臺中市豐原區中山里中正路197號,08食品製造業,089其他食品
235,66000,加豐冷凍股份有限公司,99643925,臺中市石岡區萬興里豐勢路619號,08食品製造業,083蔬果處理及其製品
236,66000,永光米廠,99643936,臺中市豐原區西湳里三豐路七六七號,08食品製造業,086碾榖、磨粉及澱粉製品
237,66000,昱沅企業股份有限公司,99643952,臺中市大雅區上楓里民生路三段267巷5號,08食品製造業,089其他食品
238,66000,永川碾米廠,99643961,臺中市大肚區王田里沙田路一段二０八巷七八號,08食品製造業,086碾榖、磨粉及澱粉製品
239,66000,洽發興企業股份有限公司麥片廠,99644014,臺中市沙鹿區興安里斗潭路四八０號,08食品製造業,086碾榖、磨粉及澱粉製品
240,66000,立喜食品行,99644020,臺中市后里區后里里甲后路412號,08食品製造業,089其他食品
241,66000,金億食品廠,99644024,臺中市后里區月眉里安眉路一二八號,08食品製造業,089其他食品
242,66000,梓楠碾米工廠,99644063,臺中市霧峰區中正里四德路四八號,08食品製造業,086碾榖、磨粉及澱粉製品
243,66000,英成行,99644104,臺中市外埔區大同里甲后路四二一號,08食品製造業,086碾榖、磨粉及澱粉製品
244,66000,栗林米店,99644105,臺中市潭子區栗林里豐栗路13巷12號,08食品製造業,086碾榖、磨粉及澱粉製品
245,66000,洽和油廠,99644209,臺中市沙鹿區洛泉里中山路二二七號,08食品製造業,084食用油脂
246,66000,侑芳食品廠,99644211,臺中市大甲區日南里工七路一六號,08食品製造業,089其他食品
247,66000,源福順碾米工廠,99644275,臺中市霧峰區北勢里丁臺路一０００號,08食品製造業,086碾榖、磨粉及澱粉製品
248,66000,義順碾米製油廠,99644280,臺中市霧峰區甲寅里中正路1105巷2-1號,08食品製造業,086碾榖、磨粉及澱粉製品
249,66000,陸順碾米工廠,99644305,臺中市外埔區三崁里三崁路一０號,08食品製造業,086碾榖、磨粉及澱粉製品
250,66000,大豪食品有限公司,99644321,臺中市烏日區九德里長春街五八三巷六號,08食品製造業,089其他食品
251,66000,洪隆昌碾米廠,99644367,臺中市霧峰區南勢里豊正路五七九號,08食品製造業,086碾榖、磨粉及澱粉製品
252,66000,外和米工廠,99644392,臺中市外埔區大同里重光路八號,08食品製造業,086碾榖、磨粉及澱粉製品
253,66000,三松食品實業有限公司溪南廠,99644413,臺中市烏日區螺潭里溪南路２段２７０巷６７號,08食品製造業,089其他食品
254,66000,枝宗碾米工廠分廠,99644425,臺中市大肚區福山里王福街988巷88弄50號,08食品製造業,086碾榖、磨粉及澱粉製品
255,66000,枝宗碾米工廠,99644426,臺中市大肚區福山里沙田路一段五三四號,08食品製造業,086碾榖、磨粉及澱粉製品
256,66000,新豐美米廠,99644446,臺中市沙鹿區興仁里鎮南路二段六二０號,08食品製造業,086碾榖、磨粉及澱粉製品
257,66000,大雅鄉農會三和碾米加工廠,99644452,臺中市大雅區二和里田心街21號,"08食品製造業,09飲料製造業",086碾榖、磨粉及澱粉製品
258,66000,大豐化學製藥股份有限公司,99644469,臺中市大甲區庄美里光明路298號,"20藥品及醫用化學製品製造業,08食品製造業","200藥品及醫用化學製品,087動物飼料"
259,66000,臺中市大里區農會草湖工廠,99644595,臺中市大里區西湖里西湖路116號,08食品製造業,086碾榖、磨粉及澱粉製品
260,66000,連環碾米工廠,99644615,臺中市龍井區福田里茄投路福頭崙巷七號,08食品製造業,086碾榖、磨粉及澱粉製品
261,66000,僑聯食品加工廠股份有限公司,99644628,臺中市太平區東平里中平路３４號,08食品製造業,086碾榖、磨粉及澱粉製品
262,66000,茂成農產加工廠,99644668,臺中市沙鹿區洛泉里文昌街五０號,08食品製造業,089其他食品
263,66000,川大豐碾米工廠,99644681,臺中市沙鹿區南勢里鎮南路二段二四號,08食品製造業,086碾榖、磨粉及澱粉製品
264,66000,大龍棧餐飲事業股份有限公司,99644806,臺中市大雅區四德里中清路三段897號,08食品製造業,089其他食品
265,66000,瑞安餐盒食品工廠,99644844,臺中市大里區大元里大衛路六五號,08食品製造業,089其他食品
266,66000,榮隆碾米廠,99644910,臺中市烏日區學田里學田路451號,08食品製造業,086碾榖、磨粉及澱粉製品
267,66000,朱記餅店,99644940,臺中市神岡區社口里中山路九七０之一號,08食品製造業,089其他食品
268,66000,東海大學實習農牧場牛乳加工廠,99669051,臺中市西屯區福恩里臺灣大道四段1727號,"08食品製造業,09飲料製造業","092非酒精飲料,085乳品"
269,66000,林信成食品工廠,99669053,臺中市西區安龍里梅川東路一段３５號,08食品製造業,"083蔬果處理及其製品,089其他食品"
270,66000,大豐麵粉廠股份有限公司,99669057,臺中市東區樂成里東光園路３４５號,"08食品製造業,09飲料製造業",086碾榖、磨粉及澱粉製品
271,66000,統一企業股份有限公司台中廠,99669080,臺中市西屯區協和里工業區三路7號,08食品製造業,087動物飼料
272,66000,中華民國農會台農鮮乳廠,99669081,臺中市西屯區協和里工業區十三路１，２號,"08食品製造業,09飲料製造業","085乳品,092非酒精飲料"
273,66000,達駿冷凍食品股份有限公司,99669091,臺中市西屯區協和里工業區八路６號,08食品製造業,089其他食品
274,66000,福怡股份有限公司,99669133,臺中市南屯區寶山里工業區二十路４８號,08食品製造業,"089其他食品,082水產處理及其製品"
275,66000,全誠茶品股份有限公司工廠,99669135,臺中市北屯區東光里北屯路２８２之３號,08食品製造業,"083蔬果處理及其製品,086碾榖、磨粉及澱粉製品,089其他食品"
276,66000,頂裕食品股份有限公司,99669232,臺中市南屯區寶山里工業區二十三路２４號,08食品製造業,"083蔬果處理及其製品,089其他食品"
277,66000,資源生物科技股份有限公司,99669246,臺中市南屯區寶山里工業區二十一路１２號,08食品製造業,"083蔬果處理及其製品,089其他食品"
278,66000,源益飼料股份有限公司,99669262,臺中市南屯區寶山里工業區二十二路7號,08食品製造業,087動物飼料
279,66000,衛達化學製藥股份有限公司,99669263,臺中市南屯區寶山里工業區二十三路21號,"08食品製造業,20藥品及醫用化學製品製造業","089其他食品,200藥品及醫用化學製品"
280,66000,明通化學製藥股份有限公司第二廠,99669269,臺中市南屯區寶山里工業區二十一路15號,"20藥品及醫用化學製品製造業,09飲料製造業,08食品製造業","089其他食品,092非酒精飲料,200藥品及醫用化學製品"
281,66000,桂冠實業股份有限公司台中廠,99669273,臺中市南屯區寶山里工業區二十二路３２號,08食品製造業,"083蔬果處理及其製品,089其他食品"
282,66000,優生製藥廠股份有限公司,99669286,臺中市南屯區寶山里工業區二十一路１４號,"08食品製造業,20藥品及醫用化學製品製造業","089其他食品,200藥品及醫用化學製品"
283,66000,臺灣菸酒股份有限公司臺中酒廠,99669295,臺中市西屯區協和里工業區28路2號,"08食品製造業,09飲料製造業","086碾榖、磨粉及澱粉製品,092非酒精飲料,089其他食品,091酒精飲料"
284,66000,吉利高股份有限公司工廠,99669332,臺中市南屯區寶山里工業區十八路８號,08食品製造業,"089其他食品,086碾榖、磨粉及澱粉製品"
285,66000,大同國際食品有限公司,99669396,臺中市西屯區協和里工業區三十六路２６號,08食品製造業,089其他食品
286,66000,晶富股份有限公司,99669405,臺中市西屯區協和里工業區三十六路２５號,08食品製造業,"081肉類處理及其製品,083蔬果處理及其製品,089其他食品"
287,66000,東泉食品工廠,99669423,臺中市北區五常里五順街１４７號,08食品製造業,089其他食品
288,66000,金潤益食品工業有限公司一廠,99669466,臺中市西屯區協和里工業區三十二路67之1號,08食品製造業,"084食用油脂,086碾榖、磨粉及澱粉製品,089其他食品"
289,66000,樹森開發股份有限公司台中二廠,99669485,臺中市西屯區協和里工業區十一路１５號,08食品製造業,"081肉類處理及其製品,083蔬果處理及其製品,089其他食品"
290,66000,樹森開發股份有限公司台中廠,99669486,臺中市西屯區協和里工業區三十二路２８號,08食品製造業,"081肉類處理及其製品,083蔬果處理及其製品,089其他食品"
291,66000,亞泰冷藏股份有限公司,99669495,臺中市西屯區協和里工業區二路５號,08食品製造業,"083蔬果處理及其製品,082水產處理及其製品,089其他食品"
292,66000,裕馨國際食品科技有限公司工廠,99669512,臺中市北區建成里天祥街２５２號,08食品製造業,089其他食品
293,66000,聚陽食品工廠,99669528,臺中市北區建成里東成路１０７號,08食品製造業,"083蔬果處理及其製品,089其他食品"
294,66000,榮洲食品股份有限公司,99669541,臺中市西屯區協和里工業區四十一路１７之１號,08食品製造業,"083蔬果處理及其製品,089其他食品"
295,66000,恒安製藥工業股份有限公司,99669546,臺中市西屯區協和里工業區一路１０１號,"08食品製造業,09飲料製造業,20藥品及醫用化學製品製造業","092非酒精飲料,200藥品及醫用化學製品,089其他食品"
296,66000,連城農產加工廠,99669722,臺中市北屯區舊社里北屯路４５０號,08食品製造業,083蔬果處理及其製品
297,66000,笠豐食品有限公司,99669773,臺中市西屯區何仁里長安路一段１０８號,08食品製造業,089其他食品
298,66000,新和興海洋企業股份有限公司一廠,99669866,臺中市西屯區協和里工業區三十四路２之３號,08食品製造業,089其他食品
299,66000,華國製藥股份有限公司,99669913,臺中市南屯區寶山里工業區二十三路36號,"20藥品及醫用化學製品製造業,19化學製品製造業,08食品製造業","200藥品及醫用化學製品,194化粧品,089其他食品"
300,66000,臺中市臺中地區農會碾米工廠,99669916,臺中市南屯區寶山里工業區20路28號,08食品製造業,086碾榖、磨粉及澱粉製品
301,66000,意緣企業股份有限公司,99669974,臺中市北區明德里忠明路１７１號,08食品製造業,089其他食品
302,66000,台灣可果美股份有限公司台中廠,99669999,臺中市西屯區協和里工業區三十三路１２之２號,08食品製造業,089其他食品
303,66000,昌臨實業股份有限公司一廠,99670024,臺中市西屯區協和里工業區三十五路20號,08食品製造業,089其他食品
304,66000,吉康食品股份有限公司,99670056,臺中市西屯區協和里工業區三十一路１３號,08食品製造業,089其他食品
305,66000,富生醫藥生技股份有限公司,99670065,臺中市南屯區寶山里工業區二十三路19號,"19化學製品製造業,20藥品及醫用化學製品製造業,08食品製造業","194化粧品,089其他食品,200藥品及醫用化學製品"
306,66000,久大食品廠,99670124,臺中市東區東南里十甲路１號,08食品製造業,"083蔬果處理及其製品,089其他食品,086碾榖、磨粉及澱粉製品"
307,66000,全誠茶品股份有限公司,99670128,臺中市北區頂厝里進化北路９５號,08食品製造業,"083蔬果處理及其製品,089其他食品"
308,66000,佳愛餐盒食品廠,99670218,臺中市北區金龍里健行路４２號,08食品製造業,"083蔬果處理及其製品,089其他食品"
309,66000,義益食品廠,99670239,臺中市北區錦平里錦平街50巷2號,08食品製造業,089其他食品
310,66000,太陽堂食品企業有限公司,99670268,臺中市北屯區三和里東山路一段１４６巷４６之１號,08食品製造業,089其他食品
311,66000,大同餐盒有限公司,99670382,臺中市北區建成里天祥街２７４號,08食品製造業,"089其他食品,083蔬果處理及其製品"
312,66000,允正行,99670383,臺中市西屯區何厝里大洲街１１３號,08食品製造業,086碾榖、磨粉及澱粉製品
313,66000,香王實業股份有限公司二廠,99670534,臺中市西屯區協和里工業區三十四路16號,08食品製造業,089其他食品
314,66000,冠億製冰冷凍股份有限公司,99670575,臺中市東區東南里東光路２００巷１２號,08食品製造業,089其他食品
315,66000,潔達有限公司,99670592,臺中市南區樹義里樹義路３９巷１號,08食品製造業,089其他食品
316,66000,大由豆腐工廠,99670593,臺中市南區樹義里樹義五巷７之１號,08食品製造業,089其他食品
317,66000,新德興糖?廠,99670702,臺中市南區樹義里福田三街３２６號,08食品製造業,089其他食品
318,66000,金陵蛋糕食品有限公司工廠,99670786,臺中市中區大墩里三民路二段１８３巷９號,08食品製造業,089其他食品
319,66000,壬宏實業有限公司,99670810,臺中市北區建成里天祥街２０８號,08食品製造業,089其他食品
320,66000,洪氏生化科技股份有限公司,99670817,臺中市南屯區寶山里工業區二十五路２７號,08食品製造業,089其他食品
321,66000,宏岱企業有限公司,99670932,臺中市西屯區大河里長安路一段２２８號,08食品製造業,089其他食品
322,66000,?寶冰果廠,99670982,臺中市北區金龍里錦中街１１２號一樓,08食品製造業,089其他食品
323,66000,信昌食品加工廠股份有限公司,99671030,臺中市東區東門里東光園路118號,08食品製造業,"086碾榖、磨粉及澱粉製品,089其他食品"
324,66000,順天堂藥廠股份有限公司台中廠,99671568,臺中市西屯區協和里工業區四十二路16號,"08食品製造業,20藥品及醫用化學製品製造業","089其他食品,200藥品及醫用化學製品"
325,66000,德昌製冰有限公司,99671578,臺中市西區和龍里篤行路167號,08食品製造業,089其他食品
326,66000,建成食品工廠,99671626,臺中市東區東信里振興路375巷4號,08食品製造業,083蔬果處理及其製品
327,66000,龍達國際有限公司,99671636,臺中市東區東門里旱溪西路一段１７７巷１６號,08食品製造業,"083蔬果處理及其製品,089其他食品"
328,66000,三嘉馨企業有限公司,99671658,臺中市西屯區協和里工業區三十八路１９７號,08食品製造業,"089其他食品,083蔬果處理及其製品"
329,66000,美珍香本店,99671670,臺中市中區公園里中山路８７號,08食品製造業,089其他食品
330,66000,裕馨國際食品科技有限公司,99671694,臺中市西屯區協和里工業區三十八路２１０號４樓之７,08食品製造業,089其他食品
331,66000,大發行工廠,99671710,臺中市西屯區大河里大河街９１號,08食品製造業,"083蔬果處理及其製品,089其他食品"
332,66000,漪坊麵包股份有限公司,99671785,臺中市西屯區協和里工業區三十二路５３號,08食品製造業,089其他食品
333,66000,泰佑食品有限公司,99671790,臺中市北區六合里成功路５１６號,08食品製造業,"086碾榖、磨粉及澱粉製品,089其他食品"
334,66000,雪宮冷凍股份有限公司,99671793,臺中市西屯區協和里工業區三十七路３４號,08食品製造業,"081肉類處理及其製品,089其他食品"
335,66000,金潤益食品工業有限公司,99671815,臺中市北屯區北京里進化北路33號,08食品製造業,"084食用油脂,086碾榖、磨粉及澱粉製品,089其他食品"
336,66000,振美行,99671836,臺中市北區金龍里益華街４１號１樓,08食品製造業,"086碾榖、磨粉及澱粉製品,089其他食品"
337,66000,津谷食品股份有限公司,99671873,臺中市西屯區大河里文心路三段１７９之１５號一，二樓及地下室,08食品製造業,"081肉類處理及其製品,082水產處理及其製品,083蔬果處理及其製品,089其他食品"
338,66000,劉麵包廠,99671916,臺中市西區後龍里向上路一段2之3號,08食品製造業,089其他食品
339,66000,合興通食品股份有限公司,99671951,臺中市南區樹義里樹義六巷5之20號,08食品製造業,"083蔬果處理及其製品,089其他食品"
340,66000,三益釀造化學工廠,99672090,臺中市南區福興里福平街１００號,08食品製造業,"083蔬果處理及其製品,089其他食品"
341,66000,寶泉食品股份有限公司,99672091,臺中市中區公園里自由路二段３６號,08食品製造業,089其他食品
342,66000,新聯成食品廠,99672221,臺中市西屯區逢甲里文華路３７號,08食品製造業,089其他食品
343,66000,金慶豐製米工廠分廠,99701043,臺中市神岡區山皮里神岡路一九七之二一號,08食品製造業,086碾榖、磨粉及澱粉製品
344,66000,興豐碾米所,99701049,臺中市沙鹿區鹿寮里中山路五二四號,08食品製造業,"086碾榖、磨粉及澱粉製品,089其他食品"
345,66000,哈妮食品廠,99701079,臺中市豐原區翁子里豐勢路一段５７７巷４８號,08食品製造業,086碾榖、磨粉及澱粉製品
346,66000,楊協益米廠,99701086,臺中市大雅區橫山里永和路三二號,08食品製造業,086碾榖、磨粉及澱粉製品
347,66000,信義豐碾米工廠,99701121,臺中市大甲區頂店里中山路一段1158巷2號,08食品製造業,086碾榖、磨粉及澱粉製品
348,66000,利達製藥股份有限公司,99701140,臺中市大甲區岷山里中山路一段906號,"08食品製造業,19化學製品製造業,20藥品及醫用化學製品製造業","200藥品及醫用化學製品,089其他食品,194化粧品"
349,66000,王記農產品實業有限公司,99701213,臺中市大甲區德化里東西八路一段398巷32號,08食品製造業,089其他食品
350,66000,永興珍餅 廠,99701231,臺中市沙鹿區沙鹿里沙田路二０六號,08食品製造業,089其他食品
351,66000,瑞豐商行,99701236,臺中市梧棲區興農里中央路一段四七０號,08食品製造業,"084食用油脂,086碾榖、磨粉及澱粉製品"
352,66000,陸勝記碾米工廠,99701254,臺中市烏日區東園里溪南路一段238巷255號,08食品製造業,086碾榖、磨粉及澱粉製品
353,66000,川庫有限公司,99701263,臺中市龍井區新庄里新興路二二六巷四二號,08食品製造業,089其他食品
354,66000,堅泰有限公司,99701275,臺中市太平區宜欣里溪洲路一三０巷五號,08食品製造業,089其他食品
355,66000,蔡大裕行,99701301,臺中市清水區武鹿里五權路五０一巷二０號,08食品製造業,086碾榖、磨粉及澱粉製品
356,66000,新豐冷凍股份有限公司,99701418,臺中市石岡區萬興里豐勢路六九九號,08食品製造業,089其他食品
357,66000,宏噠食品有限公司,99701437,臺中市神岡區豐洲里神洲路一三０巷二三之六號二樓,08食品製造業,089其他食品
358,66000,隆安油廠,99701468,臺中市太平區宜欣里富平路二四號,08食品製造業,084食用油脂
359,66000,永成素食品行,99701499,臺中市太平區中興里永平路２段５２１巷１４７號,08食品製造業,089其他食品
360,66000,三幸食品股份有限公司,99701599,臺中市太平區宜欣里中山路三段一九巷三七號,08食品製造業,089其他食品
361,66000,月眉糖廠福利委員會冷飲部,99701745,臺中市后里區眉山里雲頭路５０號,08食品製造業,089其他食品
362,66000,大安肉品有限公司,99701861,臺中市大安區龜里大安港路５４１號,08食品製造業,081肉類處理及其製品
363,66000,利全食品有限公司,99701865,臺中市烏日區北里里太明路二一號,08食品製造業,089其他食品
364,66000,臺中市大安區農會農產品加工廠,99701947,臺中市大安區中庄里中松路92之1號,08食品製造業,089其他食品
365,66000,鑫錩麟企業有限公司工廠,99701949,臺中市大里區大元里中興路二段六五巷四０號,08食品製造業,089其他食品
366,66000,宜農生物科技食品有限公司分廠,99701952,臺中市神岡區社南里中山路851巷35弄38號,08食品製造業,089其他食品
367,66000,紀氏源豐企業股份有限公司一廠,99701987,臺中市龍井區三德里中央路二段二三三號,08食品製造業,086碾榖、磨粉及澱粉製品
368,66000,信和股份有限公司台中廠,99702010,臺中市西屯區協和里工業區三十三路２５號,08食品製造業,089其他食品
369,66000,台灣真情實業有限公司台中廠,99702017,臺中市東區東門里東門路１０７號１樓,08食品製造業,089其他食品
370,66000,喜樂愛之泉有限公司,99702032,臺中市北區錦平里文祥街１０８號一樓,08食品製造業,"083蔬果處理及其製品,089其他食品"
371,66000,萬榮米廠,99702035,臺中市南屯區文山里忠勇路７９號一樓,08食品製造業,"086碾榖、磨粉及澱粉製品,089其他食品"
372,66000,千馥食品有限公司工廠,99702118,臺中市南區樹德里大慶街二段４９之４３號,08食品製造業,"083蔬果處理及其製品,089其他食品"
373,66000,品膳西湖食品有限公司,99702151,臺中市南區樹義里福田三街302號1樓,"08食品製造業,09飲料製造業","082水產處理及其製品,083蔬果處理及其製品,091酒精飲料"
374,66000,大佳麵行,99702171,臺中市西屯區廣福里中清路三段307巷16號,08食品製造業,089其他食品
375,66000,冠億食品股份有限公司台中廠,99702180,臺中市西屯區協和里工業區三十五路６７號,08食品製造業,"083蔬果處理及其製品,089其他食品"
376,66000,美淳香料股份有限公司台中廠,99702272,臺中市西屯區協和里工業區三十九路４１號,08食品製造業,089其他食品
377,66000,榮合食品股份有限公司,99702281,臺中市西屯區協和里工業區三十三路２０號,08食品製造業,089其他食品
378,66000,美食達人股份有限公司,99702296,臺中市南屯區寶山里工業區二十三路30號,08食品製造業,089其他食品
379,66000,旺和實業有限公司台中廠,99702319,臺中市西屯區協和里工業區六路18之1號,08食品製造業,"082水產處理及其製品,083蔬果處理及其製品,089其他食品"
380,66000,開店大師企業有限公司,99702323,臺中市南屯區寶山里工業區二十三路５０號,08食品製造業,089其他食品
381,66000,知王食品股份有限公司,99702334,臺中市西屯區協和里工業區三十九路62號,08食品製造業,"081肉類處理及其製品,089其他食品"
382,66000,海之鮮食品有限公司一廠,99702377,臺中市東區東門里振興路２８０巷６７弄１５號１樓,08食品製造業,089其他食品
383,66000,日日出股份有限公司,99702390,臺中市西屯區協和里工業區二十八路４５１號１樓,08食品製造業,089其他食品
384,66000,隆太生技食品有限公司,99702395,臺中市南屯區寶山里工業區二十路１１號１樓,08食品製造業,089其他食品
385,66000,永河興生技工廠有限公司,99702427,臺中市東區樂成里振興路297號,08食品製造業,"086碾榖、磨粉及澱粉製品,089其他食品"
386,66000,傑登生研有限公司,99702433,臺中市西屯區協和里工業區三十八路２１０號７樓之２,08食品製造業,089其他食品
387,66000,唯岫有限公司,99702446,臺中市南區樹義里樹義二街５８號,08食品製造業,089其他食品
388,66000,倍銘食品工業有限公司,99702500,臺中市南屯區寶山里工業區十八路２１號,08食品製造業,089其他食品
389,66000,辰榮企業有限公司,99702708,臺中市大里區大元里國光路一段一五九巷十二之一號,08食品製造業,089其他食品
390,66000,信成碾米工廠,99702711,臺中市大安區福住里南北七路121號,08食品製造業,086碾榖、磨粉及澱粉製品
391,66000,嗎哪食品有限公司,99702728,臺中市大里區新仁里新仁二街１２號,08食品製造業,083蔬果處理及其製品
392,66000,得壯健康食品社,99702754,臺中市神岡區庄後里中車路七０號一樓,08食品製造業,089其他食品
393,66000,今口香調理食品股份有限公司,99702759,臺中市太平區太平里甲堤路608號,"08食品製造業,09飲料製造業","089其他食品,092非酒精飲料"
394,66000,國銘蛋行,99702772,臺中市大肚區山陽里沙田路三段826號,08食品製造業,089其他食品
395,66000,旺味軒肉鬆食品有限公司,99702860,臺中市清水區西寧里西寧路６２之４號,08食品製造業,"089其他食品,081肉類處理及其製品"
396,66000,大穎食品股份有限公司外埔廠,99702891,臺中市外埔區大東里甲后路633號4、5樓,08食品製造業,089其他食品
397,66000,東原製油實業有限公司,99702896,臺中市太平區太平里永平路３段１３２巷５５弄１號,08食品製造業,084食用油脂
398,66000,鉅台有限公司,99702911,臺中市外埔區三崁里二崁路23號,08食品製造業,089其他食品
399,66000,有限責任台中市新社區菇類生產合作社,99702918,臺中市新社區中興里中興嶺169之27號,08食品製造業,089其他食品
400,66000,聖朝食品股份有限公司,99702943,臺中市神岡區社南里中山路７９５號,08食品製造業,083蔬果處理及其製品
401,66000,臺中市霧峰區農會碾米廠,99703001,臺中市霧峰區北柳里四德路382號,08食品製造業,086碾榖、磨粉及澱粉製品
402,66000,尚順食品有限公司一廠,99703064,臺中市大甲區頂店里中山路一段1158巷5-10號,08食品製造業,089其他食品
403,66000,全誠食品有限公司,99703104,臺中市豐原區翁子里豐勢路２段７５號,08食品製造業,089其他食品
404,66000,禾明生化科技有限公司,99703107,臺中市龍井區忠和里臺西南路２５６巷３２弄１０號,08食品製造業,089其他食品
405,66000,津芳食品行,99703130,臺中市豐原區南嵩里水源路１１５巷８７號,08食品製造業,089其他食品
406,66000,上圓食品興業有限公司,99703162,臺中市龍井區忠和里臺西南路２５６巷３２弄７號,08食品製造業,089其他食品
407,66000,一珍食品有限公司一廠,99703167,臺中市太平區宜欣里宜昌東路１７８巷７號,08食品製造業,089其他食品
408,66000,尚新食品工廠,99703235,臺中市太平區太平里永豐路１０８巷２１號,08食品製造業,089其他食品
409,66000,聯晟製冰廠,99703245,臺中市太平區中興里永平路２段５０３巷６號,08食品製造業,089其他食品
410,66000,臻里生物科技股份有限公司,99703267,臺中市太平區太平里永豐路47號,08食品製造業,089其他食品
411,66000,美特生技食品有限公司,99703275,臺中市太平區中興里永平路２段１２３巷２５號,08食品製造業,"083蔬果處理及其製品,089其他食品"
412,66000,小兵冰食品廠,99703279,臺中市潭子區甘蔗里中山路２段２８３巷３７號一樓,08食品製造業,089其他食品
413,66000,崇華食品有限公司,99703314,臺中市太平區宜欣里宜昌東路１１８號,08食品製造業,089其他食品
414,66000,沅渼生物科技股份有限公司一廠,99703389,臺中市豐原區三村里三和路398-1號,"18化學材料製造業,08食品製造業,19化學製品製造業","181基本化學材料,183肥料,191農藥及環境用藥,087動物飼料"
415,66000,菖樺食品有限公司一廠,99703395,臺中市太平區新光里新福東街１０９號,08食品製造業,089其他食品
416,66000,祥和瑞股份有限公司,99703419,臺中市大雅區大楓里昌平路四段295號,08食品製造業,089其他食品
417,66000,久品香食品有限公司,99703465,臺中市太平區德隆里光興路１０３號,08食品製造業,089其他食品
418,66000,禾金實業有限公司,99703493,臺中市大雅區四德里龍善三街７號,08食品製造業,086碾榖、磨粉及澱粉製品
419,66000,晨為企業股份有限公司神岡廠,99703498,臺中市神岡區三角里大富路８６號,08食品製造業,089其他食品
420,66000,伍珍穀粉有限公司,99703519,臺中市大甲區日南里工二路6號,08食品製造業,086碾榖、磨粉及澱粉製品
421,66000,台中市后里區農會碾米廠,99703555,臺中市后里區舊社里三線路3之9巷60號,08食品製造業,086碾榖、磨粉及澱粉製品
422,66000,天采淵生物科技股份有限公司,99703570,臺中市太平區中興里太平路778巷47號,08食品製造業,089其他食品
423,66000,上緣食品企業有限公司烏日廠,99703628,臺中市烏日區溪埧里環中路八段５０１巷２６１弄２號,08食品製造業,089其他食品
424,66000,木蘭食品有限公司,99703637,臺中市大雅區上楓里民富街115號,08食品製造業,089其他食品
425,66000,皇成食品有限公司,99703692,臺中市龍井區東海里遠東街２０９巷１０號１樓,08食品製造業,089其他食品
426,66000,創意烘焙資源食品廠有限公司,99703747,臺中市大里區仁化里仁慈街１０８號,08食品製造業,089其他食品
427,66000,興裕生碾米工廠一廠,99703772,臺中市大里區仁德里善化路５５號,08食品製造業,"084食用油脂,086碾榖、磨粉及澱粉製品"
428,66000,丰健有機國際有限公司,99703811,臺中市大雅區四德里龍善三街５號,08食品製造業,089其他食品
429,66000,全酉股份有限公司,99703814,臺中市潭子區潭秀里中山路2段607號,08食品製造業,089其他食品
430,66000,石城實業股份有限公司大里廠,99703829,臺中市大里區樹王里東興路５０６號,08食品製造業,"086碾榖、磨粉及澱粉製品,089其他食品"
431,66000,味丹企業股份有限公司沙鹿第三工廠,99703840,臺中市沙鹿區斗抵里興安路65號,"09飲料製造業,08食品製造業","085乳品,083蔬果處理及其製品,089其他食品,086碾榖、磨粉及澱粉製品,092非酒精飲料,091酒精飲料"
432,66000,佶利蛋品商行,99703860,臺中市大里區金城里中興路一段３１０巷１２弄１６號１樓,08食品製造業,089其他食品
433,66000,樂鴻冷凍食品有限公司,99703934,臺中市大里區大元里大衛一街１０號,08食品製造業,081肉類處理及其製品
434,66000,美芳堂糕餅有限公司,99703981,臺中市太平區中興里永平路２段４７６巷６６弄２０號,08食品製造業,089其他食品
435,66000,祥旺食品工業股份有限公司,99704008,臺中市大甲區日南里工十路7號,08食品製造業,089其他食品
436,66000,鼎源生技食品有限公司,99704063,臺中市后里區后里里泉州路14之5號1樓,08食品製造業,089其他食品
437,66000,富銘生物科技股份有限公司,99704136,臺中市霧峰區南柳里新厝路２６１巷１０弄２２號３、４樓,08食品製造業,089其他食品
438,66000,華冠乳品股份有限公司,99704141,臺中市烏日區前竹里中山路一段２６５巷５號,08食品製造業,085乳品
439,66000,昱倫生物科技股份有限公司,99704255,臺中市大雅區雅楓里民生路三段180巷15號3樓,08食品製造業,089其他食品
440,66000,綺緣生技實業有限公司,99704283,臺中市石岡區萬興里豐勢路721號2樓,08食品製造業,083蔬果處理及其製品
441,66000,壽生農產有限公司,99704284,臺中市后里區墩北里月湖路48巷5之1號1樓,08食品製造業,089其他食品
442,66000,如意食務有限公司,99704299,臺中市豐原區北湳里大順街８巷１５１號,08食品製造業,089其他食品
443,66000,台灣植物奈米生技股份有限公司,99704415,臺中市大里區大元里環中東路七段48號,08食品製造業,089其他食品
444,66000,翔品有限公司台中廠,99704424,臺中市龍井區忠和里西濱路３段１５１號,08食品製造業,089其他食品
445,66000,萬大酵素生物科技股份有限公司,99704453,臺中市潭子區福仁里中山路２段４９號,08食品製造業,089其他食品
446,66000,台灣大食品股份有限公司工廠,99704465,臺中市清水區海濱里北堤路35號,08食品製造業,086碾榖、磨粉及澱粉製品
447,66000,益爾伸特販有限公司,99704501,臺中市龍井區忠和里臺西南路２５６巷３０弄６號壹樓,08食品製造業,086碾榖、磨粉及澱粉製品
448,66000,金原食品有限公司,99704525,臺中市大里區大元里環中東路七段36巷7、9號,08食品製造業,089其他食品
449,66000,妙師傅生技有限公司,99704527,臺中市太平區建國里鵬儀路296巷5號,08食品製造業,089其他食品
450,66000,合興事業有限公司台中廠,99704562,臺中市龍井區忠和里臺西南路２５８號,08食品製造業,089其他食品
451,66000,富昱興業股份有限公司,99712559,臺中市霧峰區吉峰里中正路１２６５巷１８號,08食品製造業,089其他食品
452,66000,玉豐製冰冷凍廠股份有限公司,99712589,臺中市東勢區茂興里東蘭路１９７之１號,08食品製造業,089其他食品
453,66000,百歐仕科研股份有限公司大甲廠,99712640,臺中市大甲區庄美里興安路138號之192,08食品製造業,089其他食品
454,66000,四季工坊有限公司,99712683,臺中市霧峰區坑口里中正路５６５巷１７號,08食品製造業,089其他食品
455,66000,客都食品有限公司,99712762,臺中市太平區太平里永豐路２６６巷３號１樓,08食品製造業,083蔬果處理及其製品
456,66000,牧鄉食品有限公司,99712796,臺中市大雅區二和里雅潭路四段418號,08食品製造業,089其他食品
457,66000,龍景翔實業股份有限公司,99712860,臺中市大雅區員林里大林路２４６號,08食品製造業,084食用油脂
458,66000,佑牧企業股份有限公司,99712947,臺中市大肚區頂街里沙田路三段245巷68-7號、68-8號1樓,08食品製造業,087動物飼料
459,66000,丸鵬魚丸食品商行,99713009,臺中市太平區中興里永平路２段３７２號,08食品製造業,089其他食品
460,66000,欣園食品有限公司,99713010,臺中市潭子區潭秀里潭富路一段８１號,08食品製造業,086碾榖、磨粉及澱粉製品
461,66000,佑牧生物科技股份有限公司,99713045,臺中市大肚區頂街里沙田路三段２４５巷６８之８號２、３、４樓,08食品製造業,087動物飼料
462,66000,源泰豐食品有限公司,99713065,臺中市外埔區永豐里六分路１２３之７號１樓,08食品製造業,089其他食品
463,66000,宗柏企業有限公司二廠,99713067,臺中市大雅區西寶里西村路１５號,08食品製造業,084食用油脂
464,66000,光軒食品股份有限公司,99713072,臺中市大肚區王田里王福街750巷30號,08食品製造業,089其他食品
465,66000,臺中市大安區農會肉品加工廠,99713173,臺中市大安區中庄里中松路93號,08食品製造業,081肉類處理及其製品
466,66000,慶澤生化科技股份有限公司食品廠,99713285,臺中市大里區瑞城里瑞和街１３５巷１５號２樓,08食品製造業,089其他食品
467,66000,侑陞食品行,99713377,臺中市沙鹿區六路里六路三街３１號１樓,08食品製造業,089其他食品
468,66000,新德貿食品有限公司,99713427,臺中市大雅區雅楓里德勝路106巷12號,08食品製造業,089其他食品
469,66000,鯉豐碾米工廠,99713451,臺中市后里區公館里三豐路４４５之８號,08食品製造業,086碾榖、磨粉及澱粉製品
470,66000,紅櫻花食品行工廠,99713469,臺中市大甲區岷山里中山路一段９７６之５號,08食品製造業,089其他食品
471,66000,高明生物科技股份有限公司,99713481,臺中市太平區中興里東平路715巷8弄6號,08食品製造業,089其他食品
472,66000,躍盛食品有限公司,99713482,臺中市烏日區北里里太明路６１號,08食品製造業,089其他食品
473,66000,上力食品有限公司,99713509,臺中市大雅區秀山里秀山五路１號,08食品製造業,089其他食品
474,66000,承宇食品有限公司,99713514,臺中市沙鹿區興安里斗潭路392-1號,08食品製造業,084食用油脂
475,66000,貴田食品企業有限公司,99713520,臺中市大肚區王田里沙田路一段３２０巷５６弄３２號,08食品製造業,089其他食品
476,66000,忠永生物科技有限公司,99713536,臺中市大里區金城里塗城路８５２巷１８號１樓,08食品製造業,089其他食品
477,66000,德樂仕企業有限公司工廠,99713547,臺中市太平區太平里永豐路８５巷３１號,08食品製造業,089其他食品
478,66000,冰之島食品有限公司,99713643,臺中市大里區大元里國中一路７２號,08食品製造業,089其他食品
479,66000,福廣珍食品股份有限公司,99713648,臺中市太平區建國里鵬儀路312巷1號,08食品製造業,089其他食品
480,66000,傳宗食品有限公司,99713684,臺中市大雅區大楓里民富街109號,08食品製造業,089其他食品
481,66000,糖潮概念創意有限公司一廠,99713812,臺中市大里區新里里大里路８６號１樓,08食品製造業,089其他食品
482,66000,長洲食品股份有限公司,99713824,臺中市霧峰區北柳里四德路136巷53號,08食品製造業,089其他食品
483,66000,日安食品有限公司,99713839,臺中市豐原區翁明里圓環北路二段317巷9弄26號,08食品製造業,089其他食品
484,66000,志昇食品有限公司,99713865,臺中市大甲區岷山里金華西路８３號,08食品製造業,089其他食品
485,66000,進良食品工業有限公司,99713875,臺中市豐原區陽明里自強南街２１３號,08食品製造業,089其他食品
486,66000,嗎哪生物科技有限公司,99713879,臺中市沙鹿區西勢里和睦路三段467號,08食品製造業,087動物飼料
487,66000,台中空廚股份有限公司,99720534,臺中市西屯區協和里工業區十三路２號,08食品製造業,089其他食品
488,66000,愛比森國際股份有限公司台中廠,99720536,臺中市西屯區協和里工業區三十一路12之6號,"19化學製品製造業,08食品製造業","089其他食品,194化粧品"
489,66000,美食達人股份有限公司本廠,99720556,臺中市南屯區寶山里工業區二十三路35號,08食品製造業,089其他食品
490,66000,怡饗美食股份有限公司,99720558,臺中市西屯區協和里工業區十路11之1號,08食品製造業,089其他食品
491,66000,合晟國際有限公司台中總廠,99720623,臺中市西屯區協和里工業區三十八路１９５號,08食品製造業,089其他食品
492,66000,吉貿生物科技股份有限公司,99720696,臺中市西屯區協和里工業區三十八路185之1號2樓,08食品製造業,089其他食品
493,66000,健生齋養生食用品生技股份有限公司工廠,99720710,臺中市北屯區東光里北屯路２９８巷２６弄１５號,"08食品製造業,09飲料製造業","083蔬果處理及其製品,086碾榖、磨粉及澱粉製品,089其他食品,092非酒精飲料"
494,66000,吉洋食品有限公司,6000039,臺中市太平區中興里永平路二段378號,08食品製造業,"082水產處理及其製品,081肉類處理及其製品"
495,66000,蓮薪蓉有限公司,6000076,臺中市太平區永隆里正光街202號,08食品製造業,089其他食品
496,66000,有幾園生物科技股份有限公司,6000082,臺中市梧棲區草湳里港埠路一段537號,08食品製造業,"083蔬果處理及其製品,089其他食品"
497,66000,沃農士食品股份有限公司,6000093,臺中市大安區福興里興安路166、168號,08食品製造業,089其他食品
498,66000,信逢股份有限公司,6000104,臺中市太平區中興里永義七街25巷1號,08食品製造業,087動物飼料
499,66000,長松食品有限公司沙鹿廠,6000124,臺中市沙鹿區埔子里鎮南路一段319號1樓,08食品製造業,089其他食品
500,66000,鮮味珍食品舖太平廠,6000146,臺中市太平區太平里合利街33巷11號,08食品製造業,089其他食品
501,66000,中得食材行,6000166,臺中市大里區樹王里東興路510號,08食品製造業,089其他食品
502,66000,唯盛食品股份有限公司,6000176,臺中市大甲區武曲里新政路326巷2號,08食品製造業,081肉類處理及其製品
503,66000,新食唯心食品工廠有限公司,6000178,臺中市大肚區王田里沙田路一段320巷56弄52號,08食品製造業,"081肉類處理及其製品,082水產處理及其製品"
504,66000,欣雅有限公司潭子廠,6000189,臺中市潭子區大豐里潭富路二段189號,08食品製造業,089其他食品
505,66000,佳旭企業股份有限公司,6000205,臺中市大安區東安里中山南路96號,08食品製造業,089其他食品
506,66000,鄭杏泰生技食品有限公司,19000019,臺中市南屯區寶山里工業區十八路１８號２樓,08食品製造業,089其他食品
507,66000,圓記食品股份有限公司,66000001,臺中市太平區宜欣里宜昌東路99號,08食品製造業,089其他食品
508,66000,融燁食品有限公司,66000004,臺中市西屯區協和里工業區42路7號,08食品製造業,089其他食品
509,66000,宏琥釀造食品股份有限公司,66000058,臺中市龍井區忠和里海尾路278巷33弄4號,08食品製造業,089其他食品
510,66000,九大全球生鮮開發有限公司工廠,66000165,臺中市大肚區新興里新興街38號,08食品製造業,"081肉類處理及其製品,082水產處理及其製品"
511,66000,泰餘食品工廠,66000200,臺中市大里區仁德里四維街10號,08食品製造業,089其他食品
512,66000,海越食品有限公司,66000230,臺中市太平區中興里永義八街2號,08食品製造業,089其他食品
513,66000,米加食品有限公司,66000293,臺中市太平區宜欣里富平路13巷9號,08食品製造業,089其他食品
514,66000,百一香食品有限公司,66000294,臺中市霧峰區南柳里霧工七路12號,08食品製造業,089其他食品
515,66000,晨譽生物科技有限公司,66000295,臺中市太平區中興里永平路二段476巷100弄10號,08食品製造業,089其他食品
516,66000,大漢生技股份有限公司,66000332,臺中市烏日區前竹里仁義街18號1樓,08食品製造業,089其他食品
517,66000,珍慶生技包裝有限公司二廠,66000347,臺中市大里區仁化里工業九路37號,08食品製造業,089其他食品
518,66000,鄉中村有限公司沙鹿廠,66000375,臺中市沙鹿區興仁里沙田路42號,08食品製造業,089其他食品
519,66000,旺溢企業有限公司,66000449,臺中市外埔區水美里二崁路588巷33號,08食品製造業,089其他食品
520,66000,勝記大榮行食品工廠,66000493,臺中市豐原區豐西里忠孝街105巷62號,08食品製造業,089其他食品
521,66000,王盛香實業有限公司,66000529,臺中市清水區下湳里菁埔路274號,08食品製造業,083蔬果處理及其製品
522,66000,美食達人股份有限公司工三廠,66000573,臺中市西屯區協和里工業區32路51號,08食品製造業,089其他食品
523,66000,安珈國際股份有限公司,66000631,臺中市烏日區溪埧里環中路八段501巷169號1樓,08食品製造業,089其他食品
524,66000,徠記食品企業有限公司,66000632,臺中市西屯區大河里甘肅路二段48號,08食品製造業,089其他食品
525,66000,添記食品實業有限公司,66000818,臺中市神岡區豐洲里豐洲路456巷26弄26號,08食品製造業,081肉類處理及其製品
526,66000,吉米食品有限公司,66000831,臺中市外埔區鐵山里長生路263、265號,08食品製造業,089其他食品
527,66000,鴻陞蛋品有限公司工廠,66000833,臺中市大雅區員林里大林路212巷21弄30號,08食品製造業,089其他食品
528,66000,井田國際醫藥廠股份有限公司,66000849,臺中市大甲區日南里幼獅路32號,"20藥品及醫用化學製品製造業,08食品製造業","089其他食品,200藥品及醫用化學製品"
529,66000,樺山實業有限公司,66000914,臺中市大雅區四德里中清路三段839號2、3樓,08食品製造業,089其他食品
530,66000,義大生物科技有限公司,66000936,臺中市大里區仁德里仁化路741號4樓,08食品製造業,089其他食品
531,66000,台邑餐飲有限公司,66000948,臺中市清水區吳厝里和睦路三段50巷20號,08食品製造業,089其他食品
532,66000,?吉畜產有限公司神岡廠,66000955,臺中市神岡區新庄里新興北路81號,08食品製造業,087動物飼料
533,66000,仁享創意有限公司,66000987,臺中市大里區仁化里仁美路137巷38號,08食品製造業,089其他食品
534,66000,優然食品生技股份有限公司,66001007,臺中市大雅區四德里中山八路120、122號1樓,08食品製造業,089其他食品
535,66000,久津實業股份有限公司大甲廠,66001012,臺中市大甲區日南里東六街18號,"08食品製造業,09飲料製造業","092非酒精飲料,089其他食品"
536,66000,昱品美食股份有限公司,66001036,臺中市太平區太平里新仁路一段22巷71-3號,08食品製造業,089其他食品
537,66000,森岳股份有限公司,66001049,臺中市潭子區栗林里豐栗路85號,08食品製造業,083蔬果處理及其製品
538,66000,麥君食品有限公司,66001077,臺中市龍井區忠和里工業路246巷3號,08食品製造業,"089其他食品,083蔬果處理及其製品"
539,66000,五?有限公司,66001080,臺中市龍井區忠和里海尾路278巷33弄16號,08食品製造業,083蔬果處理及其製品
540,66000,金大立食品有限公司大雅廠,66001122,臺中市大雅區二和里雅潭路四段476號,08食品製造業,081肉類處理及其製品
541,66000,互茂企業有限公司,66001167,臺中市西屯區大河里福上巷197弄8號,08食品製造業,089其他食品
542,66000,阿惠製餅皮工廠,66001227,臺中市太平區太平里永豐路157巷18號1樓,08食品製造業,089其他食品
543,66000,活點食品有限公司工廠,66001275,臺中市龍井區龍津里蚵寮路280號,08食品製造業,089其他食品
544,66000,忏玥食品有限公司,66001292,臺中市龍井區新庄里中沙路新庄仔巷1-56號,08食品製造業,089其他食品
545,66000,鼎廚食品開發股份有限公司烏日廠,66001306,臺中市烏日區北里里太明路67巷25號,08食品製造業,"083蔬果處理及其製品,089其他食品"
546,66000,雲雀國際股份有限公司台中大雅廠,66001314,臺中市大雅區二和里田心街7號,08食品製造業,089其他食品
547,66000,美味王食品工業有限公司,66001321,臺中市大里區健民里仁化工三路113號,08食品製造業,089其他食品
548,66000,昌柏實業有限公司一廠,66001410,臺中市大里區大元里環中東路七段20巷3號,08食品製造業,089其他食品
549,66000,香豪佳食品有限公司,66001444,臺中市大里區大元里大衛路49號1、2樓,08食品製造業,089其他食品
550,66000,昌弘食研有限公司,66001484,臺中市西屯區大河里永輝路89巷11號1樓,08食品製造業,089其他食品
551,66000,新富翔食品工業有限公司,66001490,臺中市東區東信里振興路412巷76號,08食品製造業,089其他食品
552,66000,東饌實業有限公司,66001504,臺中市大里區大元里國中路3巷11、13號,08食品製造業,081肉類處理及其製品
553,66000,永順發食品有限公司,66001540,臺中市太平區中興里永平路二段503巷27號,08食品製造業,089其他食品
554,66000,塔卡?子烘焙有限公司,66001570,臺中市大甲區庄美里興安路142-9號,08食品製造業,089其他食品
555,66000,台灣善美的股份有限公司大肚生鮮處理廠,66001574,臺中市大肚區新興里沙田路二段26號,08食品製造業,"081肉類處理及其製品,082水產處理及其製品"
556,66000,永鑫冷凍食品商行,66001624,臺中市神岡區北庄里中山路1010巷2-3號,08食品製造業,089其他食品
557,66000,佰悅食品生技有限公司工廠,66001651,臺中市太平區太平里永平路三段52巷32號,08食品製造業,089其他食品
558,66000,坊晨有限公司,66001663,臺中市大里區大元里國中二路13號,08食品製造業,089其他食品
559,66000,勝騏食品工廠有限公司大雅廠,66001708,臺中市大雅區中山北路3號1樓,08食品製造業,089其他食品
560,66000,金安信食品有限公司,66001996,臺中市南屯區寶山里工業區22路17號,08食品製造業,"083蔬果處理及其製品,089其他食品"
561,66000,凱蒂餐飲調理食品有限公司,66001997,臺中市潭子區潭秀里南門街75號,08食品製造業,089其他食品
562,66000,伯昇興業有限公司霧峰廠,66002029,臺中市霧峰區四德里四德北路45巷73號,08食品製造業,089其他食品
563,66000,東佳貿易有限公司,66002035,臺中市太平區平安里鵬儀路214巷6弄3號1樓,08食品製造業,089其他食品
564,66000,鴻益食品股份有限公司,66002038,臺中市豐原區翁子里豐勢路一段585巷25號1樓,08食品製造業,089其他食品
565,66000,佑昇食品有限公司,66002043,臺中市大里區仁德里至善路262號,08食品製造業,089其他食品
566,66000,自然純釀生物科技有限公司,66002049,臺中市大雅區上楓里民生路三段111巷9號,08食品製造業,089其他食品
567,66000,太御食品股份有限公司大甲廠,66002051,臺中市大甲區義和里重義二路151號1、2樓,08食品製造業,089其他食品
568,66000,赤鬼食品股份有限公司,66002055,臺中市西屯區協和里工業區5路6、6-1號,08食品製造業,"081肉類處理及其製品,089其他食品"
569,66000,久醇食品有限公司,66002075,臺中市大甲區頂店里南北一路108巷6號,08食品製造業,089其他食品
570,66000,鑫綠食品有限公司,66002094,臺中市大里區仁德里仁福街87號,08食品製造業,089其他食品
571,66000,榮晟企業有限公司,66002125,臺中市烏日區前竹里中山路一段和平巷71號,08食品製造業,089其他食品
572,66000,綠誠生物科技食品股份有限公司,66002141,臺中市西屯區協和里工業區三十八路210號3樓之1,08食品製造業,089其他食品
573,66000,台灣製茶廠股份有限公司,66002200,臺中市西屯區大河里甘河路40號1樓,08食品製造業,089其他食品
574,66000,翔大食品股份有限公司,66002263,臺中市潭子區栗林里豐栗路166巷8號,08食品製造業,089其他食品
575,66000,英辰食品有限公司,66002308,臺中市大里區健民里仁化工十九路6號,08食品製造業,089其他食品
576,66000,沅芳生物科技股份有限公司,66002368,臺中市大雅區上楓里民生路三段313巷31號,08食品製造業,089其他食品
577,66000,葆御食品有限公司,66002387,臺中市新社區中正里中和街五段121號,08食品製造業,086碾榖、磨粉及澱粉製品
578,66000,齊樂行食品有限公司,66002402,臺中市大里區大元里國光路一段7號,08食品製造業,089其他食品
579,66000,大安生醫股份有限公司二廠,66002439,臺中市大里區健民里仁化工三路128號3樓,"08食品製造業,09飲料製造業","089其他食品,092非酒精飲料"
580,66000,廣泰澱粉企業有限公司工廠,66002447,臺中市新社區中正里中和街五段68-1號1、2樓,08食品製造業,086碾榖、磨粉及澱粉製品
581,66000,勝騏餐飲有限公司,66002501,臺中市大雅區四德里中山北路3號2樓、3樓,08食品製造業,089其他食品
582,66000,田義食品股份有限公司,66002552,臺中市大安區福興里興安路125號,08食品製造業,089其他食品
583,66000,津悅食品有限公司,66002556,臺中市西屯區協和里工業區41路33號4樓,08食品製造業,083蔬果處理及其製品
584,66000,宏琥釀造食品股份有限公司台中廠,66002561,臺中市龍井區忠和里工業路252巷34-1、34-2號,08食品製造業,089其他食品
585,66000,富利望國際有限公司,66002604,臺中市大里區仁化里仁美路92巷8號,08食品製造業,089其他食品
586,66000,王品餐飲股份有限公司,66002639,臺中市霧峰區北柳里四德路142號,08食品製造業,083蔬果處理及其製品
587,66000,三久食品股份有限公司,66002648,臺中市霧峰區南勢里峰東路268號,08食品製造業,081肉類處理及其製品
588,66000,幸福生物科技股份有限公司,66002650,臺中市太平區中興里永義八街32號1樓,08食品製造業,089其他食品
589,66000,歐客佬國際有限公司潭子廠,66002690,臺中市潭子區聚興里豐興路1段350巷1-1號,08食品製造業,089其他食品
590,66000,台唐股份有限公司霧峰廠,66002743,臺中市霧峰區吉峰里吉峰路67巷2弄14號1樓,08食品製造業,089其他食品
591,66000,豐茂食品有限公司,66002801,臺中市西屯區大河里長安路一段152號,08食品製造業,089其他食品
592,66000,餐御宴食品有限公司幼獅廠,66002862,臺中市大甲區日南里工七路26號,08食品製造業,089其他食品
593,66000,協昌油行,66002879,臺中市沙鹿區居仁里台灣大道七段1109巷15號,08食品製造業,084食用油脂
594,66000,汶阼蛋品行,66002916,臺中市神岡區岸裡里中山路214巷9之5號,08食品製造業,089其他食品
595,66000,鑫鼎王餐飲股份有限公司鼎廚台中廠,66002935,臺中市西屯區工業區十路17號4樓,08食品製造業,"081肉類處理及其製品,082水產處理及其製品"
596,66000,西北食品工業股份有限公司台中廠,66003022,臺中市神岡區豐洲里豐工中路11號,08食品製造業,083蔬果處理及其製品
597,66000,榮洲食品股份有限公司二廠,66003031,臺中市西屯區協和里工業區41路33號2、3樓,08食品製造業,083蔬果處理及其製品
598,66000,皇翼股份有限公司,66003068,臺中市神岡區大豐路五段295巷56弄5號,08食品製造業,089其他食品
599,66000,多樂斯國際有限公司,66003099,臺中市潭子區東寶里雅潭路三段116號,08食品製造業,089其他食品
600,66000,鑫暄有限公司台中廠,66003106,臺中市西屯區大河里長安路一段162號1樓,08食品製造業,089其他食品
601,66000,恩霖實業有限公司,66003133,臺中市潭子區大豐里潭富路二段81巷15號3、4樓,08食品製造業,089其他食品
602,66000,泰豪食品有限公司,66003137,臺中市豐原區南村里水源路387號1樓,08食品製造業,089其他食品
603,66000,太陽釀造酒廠有限公司,66003141,臺中市新社區中和街五段103號,"08食品製造業,09飲料製造業","089其他食品,091酒精飲料"
604,66000,侑嘉詮企業有限公司,66003146,臺中市大雅區三和里田心一街11-1號1樓,08食品製造業,086碾榖、磨粉及澱粉製品
605,66000,聯金食品有限公司,66003159,臺中市霧峰區吉峰里吉峰路74號,08食品製造業,089其他食品
606,66000,東豐食品有限公司,66003184,臺中市烏日區前竹里中山路一段和平巷69號,08食品製造業,083蔬果處理及其製品
607,66000,妙活生物科技股份有限公司,66003252,臺中市太平區太平里永豐路85巷23號,08食品製造業,089其他食品
608,66000,惠陞食品有限公司,66003304,臺中市大里區仁德里慈善路138巷18號1樓,08食品製造業,089其他食品
609,66000,禮愫有限公司,66003384,臺中市西屯區大河里福上巷173號,08食品製造業,089其他食品
610,66000,金寶蛋品科技有限公司,66003386,臺中市大里區仁德里慈善路128號1樓,08食品製造業,089其他食品
611,66000,展旺肉品有限公司,66003461,臺中市大里區大元里國中路41號,08食品製造業,081肉類處理及其製品
612,66000,億珍食品有限公司,66003466,臺中市大里區健民里仁化工十九路2號,08食品製造業,089其他食品
613,66000,勝鼎有限公司台中廠,66003475,臺中市西屯區協和里工業區28路461號,08食品製造業,089其他食品
614,66000,廷香有限公司,66003479,臺中市太平區光隆里興隆路一段70巷63號1樓,08食品製造業,081肉類處理及其製品
615,66000,立全實業有限公司,66003493,臺中市太平區宜欣里富平路13巷28號,08食品製造業,081肉類處理及其製品
616,66000,卷卷有限公司,66003615,臺中市烏日區三和里學田路8巷68號1樓,08食品製造業,089其他食品
617,66000,祝噯吃實業有限公司,66003731,臺中市神岡區社南里社南街5巷25號,08食品製造業,089其他食品
618,66000,智凱企業有限公司,66003732,臺中市太平區太平里永平路三段230巷1號,08食品製造業,087動物飼料
619,66000,吉宏食品有限公司,66003759,臺中市龍井區忠和里西濱路三段201號,08食品製造業,081肉類處理及其製品
620,66000,大三沅食品有限公司,66003812,臺中市沙鹿區鹿寮里光明街350巷98號1樓,08食品製造業,089其他食品
621,66000,美佳胜?科技股份有限公司,66003821,臺中市后里區后里里泉州路14之22號,08食品製造業,089其他食品
622,66000,鴻響肉品有限公司,66003844,臺中市龍井區忠和里工業路182巷6號,08食品製造業,"081肉類處理及其製品,089其他食品"
623,66000,曼特食品股份有限公司,66003905,臺中市東區東門里旱溪西路一段177巷3號,08食品製造業,089其他食品
624,66000,華順工貿有限公司,66003957,臺中市烏日區溪埧里溪南路一段715巷1號1樓,08食品製造業,089其他食品
625,66000,華誠食品有限公司,66003981,臺中市大肚區新興里沙田路二段132巷80弄274號,08食品製造業,081肉類處理及其製品
626,66000,火星基地股份有限公司台中廠,66003995,臺中市大肚區王田里沙田路一段320巷33之31號,08食品製造業,089其他食品
627,66000,傑登生研有限公司台中三廠,66004012,臺中市西屯區協和里工業區11路17號,08食品製造業,"085乳品,086碾榖、磨粉及澱粉製品,089其他食品"
628,66000,東榮食品工業有限公司,66004021,臺中市大里區仁德里仁化路701巷22號1樓,08食品製造業,089其他食品
629,66000,洛荷技術股份有限公司,66004044,臺中市太平區中興里永義九街30號,08食品製造業,089其他食品
630,66000,欣利杰寵物食品國際有限公司,66004062,臺中市后里區后里里三豐路212巷16號,08食品製造業,087動物飼料
631,66000,森活食品股份有限公司,66004069,臺中市西屯區協和里工業區一路121號,08食品製造業,089其他食品
632,66000,漢軒生技有限公司,66004077,臺中市大里區大元里中興路二段65巷16弄48號,08食品製造業,089其他食品
633,66000,家鑫企業有限公司,66004087,臺中市東區東門里建德街418巷16弄33號1樓,08食品製造業,089其他食品
634,66000,宏威食品有限公司,66004089,臺中市后里區泉州路21-3號,08食品製造業,089其他食品
635,66000,香山有限公司,66004103,臺中市南屯區寶山里工業區二十二路53號2樓,"08食品製造業,09飲料製造業","089其他食品,092非酒精飲料"
636,66000,金合麥食品股份有限公司,66004129,臺中市神岡區社南里中山路667巷3號,08食品製造業,089其他食品
637,66000,洽富實業股份有限公司,66004148,臺中市梧棲區草湳里自立一街183號,08食品製造業,081肉類處理及其製品
638,66000,千方食品行銷有限公司,66004197,臺中市大里區瑞城里中興路一段2巷51弄2號,08食品製造業,089其他食品
639,66000,松柏食品有限公司,66004211,臺中市大雅區上楓里民生路三段267巷17號,08食品製造業,081肉類處理及其製品
640,66000,佳圓永業有公司,66004307,臺中市大里區大元里環中東路七段36巷11號1樓,08食品製造業,089其他食品
641,66000,注春有限公司,66004308,臺中市南屯區寶山里工業區二十二路53號A棟1樓部分 B棟全部,"09飲料製造業,08食品製造業","083蔬果處理及其製品,089其他食品,092非酒精飲料"
642,66000,萬象生物科技股份有限公司,66004340,臺中市西屯區協和里工業區四十一路23號1樓,08食品製造業,089其他食品
643,66000,辰龍旺國際食品股份有限公司,66004346,臺中市西屯區大河里大河街32巷21號2樓,08食品製造業,089其他食品
644,66000,小順豐事業有限公司,66004386,臺中市大里區金城里塗城路763巷66號1、2樓,08食品製造業,"083蔬果處理及其製品,089其他食品"
645,66000,三柳柳國際餐飲股份有限公司,66004398,臺中市潭子區栗林里中山路三段493巷1號,08食品製造業,089其他食品
646,66000,憶楓食品有限公司,66004451,臺中市太平區宜昌里中山路三段1巷56弄3號,08食品製造業,089其他食品
647,66000,菘?有限公司,66004459,臺中市大甲區頂店里大發路139號,08食品製造業,089其他食品
648,66000,信意企業股份有限公司,66004487,臺中市大雅區上楓里民生路三段313巷29號一樓,08食品製造業,089其他食品
649,66000,正昇食品有限公司,66004502,臺中市烏日區五光里五光路158號1樓,08食品製造業,083蔬果處理及其製品
650,66000,穀哥食品工業股份有限公司,66004541,臺中市大里區瑞城里中興路一段2巷51弄5號,08食品製造業,083蔬果處理及其製品
651,66000,寶御食品有限公司,66004613,臺中市豐原區翁子里豐勢路一段468號1、3樓,08食品製造業,089其他食品
652,66000,人生製藥股份有限公司食品廠,66004653,臺中市西屯區協和里工業區五路3號3樓食品廠,08食品製造業,089其他食品
653,66000,裕珍馨食品股份有限公司外埔廠,66004662,臺中市外埔區大東里甲后路633號1至3樓,08食品製造業,089其他食品
654,66000,味丹企業股份有限公司沙鹿第五工廠,66004669,臺中市沙鹿區斗抵里興安路69號,"08食品製造業,18化學材料製造業","087動物飼料,181基本化學材料,183肥料"
655,66000,淂紘食品有限公司,66004673,臺中市豐原區南村里圓環東路892巷9號1樓,08食品製造業,089其他食品
656,66000,飪珍記實業有限公司,66004676,臺中市太平區中興里永平路二段476巷108號1號,08食品製造業,089其他食品
657,66000,六角國際事業股份有限公司大里廠,66004764,臺中市大里區瑞城里中興路一段2巷81弄55號,08食品製造業,089其他食品
658,66000,台中市大安區肉品市場肉品加工廠,66004767,臺中市大安區龜?里大安港路541號,08食品製造業,"081肉類處理及其製品,089其他食品"
659,66000,星洋食品有限公司,66004783,臺中市大肚區王田里沙田路一段251號1、2樓,08食品製造業,089其他食品
660,66000,歐瑟國際有限公司,66004860,臺中市大里區瑞城里中興路一段2巷25弄16號,08食品製造業,089其他食品
661,66000,尚鋒食品有限公司,66004874,臺中市太平區宜欣里中山路三段19巷40弄12號1樓,08食品製造業,086碾榖、磨粉及澱粉製品
662,66000,嘉茂生鮮有限公司,T6600170,臺中市大安區頂安里東西二路172號,08食品製造業,081肉類處理及其製品
663,66000,富脂企業社,T6600310,臺中市西屯區廣福里5鄰廣福路352巷70號1樓,08食品製造業,081肉類處理及其製品
664,66000,喜利廉有限公司,T6600348,臺中市清水區橋頭里高美路231巷27號,08食品製造業,089其他食品
665,66000,品冠現代畜產股份有限公司,T6600363,臺中市西屯區林厝里5鄰安林路50-2號,08食品製造業,081肉類處理及其製品
666,66000,耀陞食品股份有限公司,T6600395,臺中市大肚區營埔里營埔一街2號,08食品製造業,081肉類處理及其製品
667,66000,東龍雜糧有限公司,T6600438,臺中市龍井區竹坑里茄投路一段160巷48號,08食品製造業,087動物飼料
668,66000,爭鮮股份有限公司台中廠,T6600440,臺中市南屯區大興里大墩四街132號,08食品製造業,089其他食品
669,66000,元凱企業社,T6600468,臺中市烏日區東園里2鄰溪南路一段988巷386弄102號1樓,08食品製造業,087動物飼料
670,66000,香繼光股份有限公司,T6600504,臺中市太平區新光路62、62-1號,08食品製造業,"081肉類處理及其製品,082水產處理及其製品"
671,66000,容翊醬園有限公司,T6600508,臺中市大甲區江南里東西八路一段122號,08食品製造業,083蔬果處理及其製品
672,66000,羽捷食品有限公司烏日廠,T6600517,臺中市烏日區溪福路128巷50號,08食品製造業,089其他食品
673,66000,米堤食品行,T6600529,臺中市神岡區神林路48-1號,08食品製造業,089其他食品
674,66000,中農粉絲有限公司,T6600579,臺中市東區東勢里進德北路9號,08食品製造業,089其他食品
675,66000,晨為企業股份有限公司,T6600649,臺中市北屯區仁美里1鄰崇德路三段987-1號,"08食品製造業,08食品製造業",089其他食品
676,66000,佳家食品廠,T6600659,臺中市大雅區員林里中清路四段182巷99號,08食品製造業,089其他食品
677,66000,金大立食品有限公司,T6600895,臺中市大雅區昌平路三段596巷70、72號,08食品製造業,081肉類處理及其製品
678,66000,鼎泰豐企業社,T6600920,臺中市霧峰區南勢里北岸路54巷9號,08食品製造業,087動物飼料
679,66000,宜農生物科技食品有限公司,T6601068,臺中市神岡區中山路667巷62弄2-10號,08食品製造業,089其他食品
680,66000,德成企業社,T6601107,臺中市石岡區萬興里萬仙街40號,08食品製造業,"084食用油脂,086碾榖、磨粉及澱粉製品,089其他食品"
681,66000,宥青國際有限公司,T6601245,臺中市太平區光興路1295號,08食品製造業,089其他食品
682,66000,嘉盛肉品企業有限公司,T6601276,臺中市大安區頂安里五鄰東西二路172號,08食品製造業,081肉類處理及其製品
683,66000,超農實業有限公司,T6601294,臺中市太平區甲堤路468號,08食品製造業,089其他食品
